candidat,voix,%ins,%exp,tour,annee,parti,famille,niveau_geo,territoire,source
M. CHIRAC Jacques,5666021,13.75,19.88,1,2002,RPR,Droite,national,France,reference_csv
M. LE PEN Jean-Marie,4804772,11.66,16.86,1,2002,FN,Extrême droite,national,France,reference_csv
M. JOSPIN Lionel,4610267,11.19,16.18,1,2002,PS,Gauche,national,France,reference_csv
M. BAYROU François,1949219,4.73,6.84,1,2002,UDF,Centre,national,France,reference_csv
Mme LAGUILLER Arlette,1630118,3.96,5.72,1,2002,LO,Extrême gauche,national,France,reference_csv
M. CHEVENEMENT Jean-Pierre,1518568,3.69,5.33,1,2002,MDC,Divers,national,France,reference_csv
M. MAMERE Noël,1495774,3.63,5.25,1,2002,Verts,Écologie,national,France,reference_csv
M. BESANCENOT Olivier,1210562,2.94,4.25,1,2002,LCR,Extrême gauche,national,France,reference_csv
M. SAINT-JOSSE Jean,1204801,2.92,4.23,1,2002,CPNT,Divers,national,France,reference_csv
M. MADELIN Alain,1113551,2.7,3.91,1,2002,DL,Divers,national,France,reference_csv
M. HUE Robert,960548,2.33,3.37,1,2002,PCF,Extrême gauche,national,France,reference_csv
M. MEGRET Bruno,667043,1.62,2.34,1,2002,MNR,Extrême droite,national,France,reference_csv
Mme TAUBIRA Christiane,660515,1.6,2.32,1,2002,PRG,Gauche,national,France,reference_csv
Mme LEPAGE Corinne,535875,1.3,1.88,1,2002,CAP21,Divers,national,France,reference_csv
Mme BOUTIN Christine,339157,0.82,1.19,1,2002,FRS,Divers,national,France,reference_csv
M. GLUCKSTEIN Daniel,132696,0.32,0.47,1,2002,PT,Extrême gauche,national,France,reference_csv
M. CHIRAC Jacques,25537894,62.0,82.21,2,2002,RPR,Droite,national,France,reference_csv
M. LE PEN Jean-Marie,5525034,13.41,17.79,2,2002,FN,Extrême droite,national,France,reference_csv
M. SARKOZY Nicolas,11448663,25.74,31.18,1,2007,UMP,Droite,national,France,reference_csv
Mme ROYAL Ségolène,9500112,21.36,25.87,1,2007,PS,Gauche,national,France,reference_csv
M. BAYROU François,6820119,15.34,18.57,1,2007,UDF,Centre,national,France,reference_csv
M. LE PEN Jean-Marie,3834530,8.62,10.44,1,2007,FN,Extrême droite,national,France,reference_csv
M. BESANCENOT Olivier,1498581,3.37,4.08,1,2007,LCR,Extrême gauche,national,France,reference_csv
M. de VILLIERS Philippe,818407,1.84,2.23,1,2007,MPF,Souverainiste,national,France,reference_csv
Mme BUFFET Marie-George,707268,1.59,1.93,1,2007,PCF,Extrême gauche,national,France,reference_csv
Mme VOYNET Dominique,576666,1.3,1.57,1,2007,Verts,Écologie,national,France,reference_csv
Mme LAGUILLER Arlette,487857,1.1,1.33,1,2007,LO,Extrême gauche,national,France,reference_csv
M. BOVÉ José,483008,1.09,1.32,1,2007,Verts,Écologie,national,France,reference_csv
M. NIHOUS Frédéric,420645,0.95,1.15,1,2007,CPNT,Divers,national,France,reference_csv
M. SCHIVARDI Gérard,123540,0.28,0.34,1,2007,PT,Extrême gauche,national,France,reference_csv
M. SARKOZY Nicolas,18983138,42.68,53.06,2,2007,UMP,Droite,national,France,reference_csv
Mme ROYAL Ségolène,16790440,37.75,46.94,2,2007,PS,Gauche,national,France,reference_csv
M. HOLLANDE François,10272705,22.32,28.63,1,2012,PS,Gauche,national,France,reference_csv
M. SARKOZY Nicolas,9753629,21.19,27.18,1,2012,UMP,Droite,national,France,reference_csv
Mme LE PEN Marine,6421426,13.95,17.9,1,2012,FN,Extrême droite,national,France,reference_csv
M. MÉLENCHON Jean-Luc,3984822,8.66,11.1,1,2012,PG,Gauche radicale,national,France,reference_csv
M. BAYROU François,3275122,7.12,9.13,1,2012,MoDem,Centre,national,France,reference_csv
Mme JOLY Eva,828345,1.8,2.31,1,2012,EELV,Écologie,national,France,reference_csv
M. DUPONT-AIGNAN Nicolas,643907,1.4,1.79,1,2012,DLF,Souverainiste,national,France,reference_csv
M. POUTOU Philippe,411160,0.89,1.15,1,2012,NPA,Extrême gauche,national,France,reference_csv
Mme ARTHAUD Nathalie,202548,0.44,0.56,1,2012,LO,Extrême gauche,national,France,reference_csv
M. CHEMINADE Jacques,89545,0.19,0.25,1,2012,S&P,Divers,national,France,reference_csv
M. HOLLANDE François,18000668,39.08,51.64,2,2012,PS,Gauche,national,France,reference_csv
M. SARKOZY Nicolas,16860685,36.6,48.36,2,2012,UMP,Droite,national,France,reference_csv
M. MACRON Emmanuel,8656346,18.19,24.01,1,2017,EM,Centre,national,France,reference_csv
Mme LE PEN Marine,7678491,16.14,21.3,1,2017,FN,Extrême droite,national,France,reference_csv
M. FILLON François,7212995,15.16,20.01,1,2017,LR,Droite,national,France,reference_csv
M. MÉLENCHON Jean-Luc,7059951,14.84,19.58,1,2017,FI,Gauche radicale,national,France,reference_csv
M. HAMON Benoît,2291288,4.82,6.36,1,2017,PS,Gauche,national,France,reference_csv
M. DUPONT-AIGNAN Nicolas,1695000,3.56,4.7,1,2017,DLF,Souverainiste,national,France,reference_csv
M. LASSALLE Jean,435301,0.91,1.21,1,2017,Rés,Divers,national,France,reference_csv
M. POUTOU Philippe,394505,0.83,1.09,1,2017,NPA,Extrême gauche,national,France,reference_csv
M. ASSELINEAU François,332547,0.7,0.92,1,2017,UPR,Souverainiste,national,France,reference_csv
Mme ARTHAUD Nathalie,232384,0.49,0.64,1,2017,LO,Extrême gauche,national,France,reference_csv
M. CHEMINADE Jacques,65586,0.14,0.18,1,2017,S&P,Divers,national,France,reference_csv
M. MACRON Emmanuel,20743128,43.61,66.1,2,2017,EM,Centre,national,France,reference_csv
Mme LE PEN Marine,10638475,22.36,33.9,2,2017,FN,Extrême droite,national,France,reference_csv
M. MACRON Emmanuel,9783058,20.07,27.85,1,2022,LREM,Centre,national,France,raw_2022
Mme LE PEN Marine,8133828,16.69,23.15,1,2022,RN,Extrême droite,national,France,raw_2022
M. MÉLENCHON Jean-Luc,7712520,15.82,21.95,1,2022,FI,Gauche radicale,national,France,raw_2022
M. ZEMMOUR Éric,2485226,5.1,7.07,1,2022,Rec,Extrême droite,national,France,raw_2022
Mme PÉCRESSE Valérie,1679001,3.44,4.78,1,2022,LR,Droite,national,France,raw_2022
M. MÉLENCHON Jean-Luc,1658601,22.57,30.24,1,2022,FI,Gauche radicale,region,Ile-de-France,raw_2022
M. MACRON Emmanuel,1655780,22.53,30.19,1,2022,LREM,Centre,region,Ile-de-France,raw_2022
M. JADOT Yannick,1627853,3.34,4.63,1,2022,EELV,Écologie,national,France,raw_2022
M. MACRON Emmanuel,1174972,21.14,27.75,1,2022,LREM,Centre,region,Auvergne-Rhone-Alpes,raw_2022
M. LASSALLE Jean,1101387,2.26,3.13,1,2022,Rés,Divers,national,France,raw_2022
Mme LE PEN Marine,1014182,23.83,33.34,1,2022,RN,Extrême droite,region,Hauts-de-France,raw_2022
M. MACRON Emmanuel,945122,21.18,27.64,1,2022,LREM,Centre,region,Nouvelle-Aquitaine,raw_2022
Mme LE PEN Marine,943122,16.97,22.28,1,2022,RN,Extrême droite,region,Auvergne-Rhone-Alpes,raw_2022
M. MÉLENCHON Jean-Luc,897349,16.15,21.2,1,2022,FI,Gauche radicale,region,Auvergne-Rhone-Alpes,raw_2022
Mme LE PEN Marine,825196,21.36,29.54,1,2022,RN,Extrême droite,region,Grand Est,raw_2022
Mme LE PEN Marine,815338,18.86,24.63,1,2022,RN,Extrême droite,region,Occitanie,raw_2022
M. ROUSSEL Fabien,802422,1.65,2.28,1,2022,PCF,Extrême gauche,national,France,raw_2022
Mme LE PEN Marine,779699,17.47,22.8,1,2022,RN,Extrême droite,region,Nouvelle-Aquitaine,raw_2022
M. MACRON Emmanuel,777444,17.98,23.48,1,2022,LREM,Centre,region,Occitanie,raw_2022
M. MACRON Emmanuel,772619,18.16,25.4,1,2022,LREM,Centre,region,Hauts-de-France,raw_2022
M. MACRON Emmanuel,762241,19.73,27.28,1,2022,LREM,Centre,region,Grand Est,raw_2022
M. MÉLENCHON Jean-Luc,741948,17.16,22.41,1,2022,FI,Gauche radicale,region,Occitanie,raw_2022
Mme LE PEN Marine,732078,19.98,27.6,1,2022,RN,Extrême droite,region,Provence-Alpes-Cote d'Azur,raw_2022
M. DUPONT-AIGNAN Nicolas,725176,1.49,2.06,1,2022,DLF,Souverainiste,national,France,raw_2022
Mme LE PEN Marine,711462,9.68,12.97,1,2022,RN,Extrême droite,region,Ile-de-France,raw_2022
M. MACRON Emmanuel,707890,24.99,33.27,1,2022,LREM,Centre,region,Pays de la Loire,raw_2022
M. MÉLENCHON Jean-Luc,681218,15.26,19.92,1,2022,FI,Gauche radicale,region,Nouvelle-Aquitaine,raw_2022
M. MACRON Emmanuel,647172,25.26,32.79,1,2022,LREM,Centre,region,Bretagne,raw_2022
M. MACRON Emmanuel,619272,16.9,23.34,1,2022,LREM,Centre,region,Provence-Alpes-Cote d'Azur,raw_2022
Mme HIDALGO Anne,616478,1.26,1.75,1,2022,PS,Gauche,national,France,raw_2022
M. MÉLENCHON Jean-Luc,577487,13.57,18.98,1,2022,FI,Gauche radicale,region,Hauts-de-France,raw_2022
M. MÉLENCHON Jean-Luc,524211,14.31,19.76,1,2022,FI,Gauche radicale,region,Provence-Alpes-Cote d'Azur,raw_2022
M. MACRON Emmanuel,521769,21.62,29.26,1,2022,LREM,Centre,region,Normandie,raw_2022
M. MÉLENCHON Jean-Luc,492408,12.75,17.63,1,2022,FI,Gauche radicale,region,Grand Est,raw_2022
Mme LE PEN Marine,484106,20.06,27.14,1,2022,RN,Extrême droite,region,Normandie,raw_2022
Mme LE PEN Marine,442025,15.6,20.78,1,2022,RN,Extrême droite,region,Pays de la Loire,raw_2022
M. MÉLENCHON Jean-Luc,438354,12.93,33.17,1,2022,FI,Gauche radicale,region,Inconnu,raw_2022
Mme LE PEN Marine,409643,20.56,27.35,1,2022,RN,Extrême droite,region,Bourgogne-Franche-Comte,raw_2022
M. ZEMMOUR Éric,409396,5.57,7.47,1,2022,Rec,Extrême droite,region,Ile-de-France,raw_2022
M. MÉLENCHON Jean-Luc,408969,14.44,19.22,1,2022,FI,Gauche radicale,region,Pays de la Loire,raw_2022
M. MÉLENCHON Jean-Luc,407527,15.91,20.65,1,2022,FI,Gauche radicale,region,Bretagne,raw_2022
M. MACRON Emmanuel,394119,19.78,26.31,1,2022,LREM,Centre,region,Bourgogne-Franche-Comte,raw_2022
M. MACRON Emmanuel,394102,11.62,29.82,1,2022,LREM,Centre,region,Inconnu,raw_2022
Mme LE PEN Marine,385393,15.04,19.53,1,2022,RN,Extrême droite,region,Bretagne,raw_2022
M. MACRON Emmanuel,383851,20.89,28.53,1,2022,LREM,Centre,region,Centre-Val de Loire,raw_2022
Mme LE PEN Marine,373127,20.57,29.27,1,2022,RN,Extrême droite,departement,59 - Nord,raw_2022
M. MACRON Emmanuel,372820,27.25,35.34,1,2022,LREM,Centre,departement,75 - Paris,raw_2022
Mme LE PEN Marine,347845,18.93,25.86,1,2022,RN,Extrême droite,region,Centre-Val de Loire,raw_2022
Mme PÉCRESSE Valérie,339371,4.62,6.19,1,2022,LR,Droite,region,Ile-de-France,raw_2022
M. MACRON Emmanuel,336138,18.53,26.37,1,2022,LREM,Centre,departement,59 - Nord,raw_2022
M. MÉLENCHON Jean-Luc,335590,13.9,18.82,1,2022,FI,Gauche radicale,region,Normandie,raw_2022
M. MÉLENCHON Jean-Luc,317372,23.2,30.08,1,2022,FI,Gauche radicale,departement,75 - Paris,raw_2022
M. ZEMMOUR Éric,312881,5.63,7.39,1,2022,Rec,Extrême droite,region,Auvergne-Rhone-Alpes,raw_2022
M. ZEMMOUR Éric,310717,8.48,11.71,1,2022,Rec,Extrême droite,region,Provence-Alpes-Cote d'Azur,raw_2022
Mme LE PEN Marine,305816,27.96,38.68,1,2022,RN,Extrême droite,departement,62 - Pas-de-Calais,raw_2022
M. JADOT Yannick,296087,4.03,5.4,1,2022,EELV,Écologie,region,Ile-de-France,raw_2022
M. MACRON Emmanuel,287494,28.82,37.11,1,2022,LREM,Centre,departement,92 - Hauts-de-Seine,raw_2022
M. MÉLENCHON Jean-Luc,279785,15.42,21.95,1,2022,FI,Gauche radicale,departement,59 - Nord,raw_2022
M. MACRON Emmanuel,278243,23.56,30.61,1,2022,LREM,Centre,departement,69 - Rhône,raw_2022
M. MÉLENCHON Jean-Luc,277901,13.95,18.56,1,2022,FI,Gauche radicale,region,Bourgogne-Franche-Comte,raw_2022
M. POUTOU Philippe,268904,0.55,0.77,1,2022,NPA,Extrême gauche,national,France,raw_2022
M. MÉLENCHON Jean-Luc,266632,33.58,49.09,1,2022,FI,Gauche radicale,departement,93 - Seine-Saint-Denis,raw_2022
Mme LE PEN Marine,264753,18.76,26.25,1,2022,RN,Extrême droite,departement,13 - Bouches-du-Rhône,raw_2022
M. ZEMMOUR Éric,260127,6.02,7.86,1,2022,Rec,Extrême droite,region,Occitanie,raw_2022
M. MACRON Emmanuel,256609,24.28,31.98,1,2022,LREM,Centre,departement,44 - Loire-Atlantique,raw_2022
M. MACRON Emmanuel,256179,22.11,28.72,1,2022,LREM,Centre,departement,33 - Gironde,raw_2022
M. MÉLENCHON Jean-Luc,251259,13.68,18.68,1,2022,FI,Gauche radicale,region,Centre-Val de Loire,raw_2022
M. MACRON Emmanuel,246062,25.6,33.41,1,2022,LREM,Centre,departement,78 - Yvelines,raw_2022
M. MÉLENCHON Jean-Luc,237971,16.86,23.59,1,2022,FI,Gauche radicale,departement,13 - Bouches-du-Rhône,raw_2022
M. MACRON Emmanuel,229038,16.23,22.71,1,2022,LREM,Centre,departement,13 - Bouches-du-Rhône,raw_2022
M. MÉLENCHON Jean-Luc,229036,19.39,25.2,1,2022,FI,Gauche radicale,departement,69 - Rhône,raw_2022
M. MACRON Emmanuel,224957,15.67,45.09,1,2022,LREM,Centre,departement,ZZ - Français établis hors de France,raw_2022
M. JADOT Yannick,224710,4.04,5.31,1,2022,EELV,Écologie,region,Auvergne-Rhone-Alpes,raw_2022
Mme PÉCRESSE Valérie,217881,3.92,5.15,1,2022,LR,Droite,region,Auvergne-Rhone-Alpes,raw_2022
M. ZEMMOUR Éric,210476,4.72,6.15,1,2022,Rec,Extrême droite,region,Nouvelle-Aquitaine,raw_2022
M. MACRON Emmanuel,205882,26.68,34.5,1,2022,LREM,Centre,departement,35 - Ille-et-Vilaine,raw_2022
M. LASSALLE Jean,201726,4.52,5.9,1,2022,Rés,Divers,region,Nouvelle-Aquitaine,raw_2022
Mme LE PEN Marine,201602,5.95,15.25,1,2022,RN,Extrême droite,region,Inconnu,raw_2022
M. ZEMMOUR Éric,200256,5.18,7.17,1,2022,Rec,Extrême droite,region,Grand Est,raw_2022
M. MÉLENCHON Jean-Luc,199640,20.01,25.77,1,2022,FI,Gauche radicale,departement,92 - Hauts-de-Seine,raw_2022
Mme ARTHAUD Nathalie,197094,0.4,0.56,1,2022,LO,Extrême gauche,national,France,raw_2022
M. MACRON Emmanuel,196712,21.14,26.91,1,2022,LREM,Centre,departement,31 - Haute-Garonne,raw_2022
M. MÉLENCHON Jean-Luc,194775,16.81,21.84,1,2022,FI,Gauche radicale,departement,33 - Gironde,raw_2022
M. MACRON Emmanuel,194610,17.79,24.61,1,2022,LREM,Centre,departement,62 - Pas-de-Calais,raw_2022
M. MÉLENCHON Jean-Luc,192427,24.17,32.67,1,2022,FI,Gauche radicale,departement,94 - Val-de-Marne,raw_2022
Mme LE PEN Marine,191542,16.53,21.47,1,2022,RN,Extrême droite,departement,33 - Gironde,raw_2022
M. MÉLENCHON Jean-Luc,188867,20.3,25.84,1,2022,FI,Gauche radicale,departement,31 - Haute-Garonne,raw_2022
M. MÉLENCHON Jean-Luc,187977,17.79,23.43,1,2022,FI,Gauche radicale,departement,44 - Loire-Atlantique,raw_2022
M. LASSALLE Jean,184956,4.28,5.59,1,2022,Rés,Divers,region,Occitanie,raw_2022
Mme LE PEN Marine,183287,22.33,30.61,1,2022,RN,Extrême droite,departement,83 - Var,raw_2022
M. MACRON Emmanuel,180533,20.39,26.85,1,2022,LREM,Centre,departement,38 - Isère,raw_2022
M. MACRON Emmanuel,179698,20.44,27.95,1,2022,LREM,Centre,departement,76 - Seine-Maritime,raw_2022
M. ZEMMOUR Éric,179416,4.22,5.9,1,2022,Rec,Extrême droite,region,Hauts-de-France,raw_2022
Mme LE PEN Marine,177806,20.22,27.65,1,2022,RN,Extrême droite,departement,76 - Seine-Maritime,raw_2022
M. MACRON Emmanuel,177069,22.74,30.7,1,2022,LREM,Centre,departement,67 - Bas-Rhin,raw_2022
M. MÉLENCHON Jean-Luc,175666,23.95,33.17,1,2022,FI,Gauche radicale,departement,95 - Val-d'Oise,raw_2022
M. MACRON Emmanuel,174894,24.64,32.21,1,2022,LREM,Centre,departement,29 - Finistère,raw_2022
M. MACRON Emmanuel,171409,21.53,29.1,1,2022,LREM,Centre,departement,94 - Val-de-Marne,raw_2022
M. MÉLENCHON Jean-Luc,170969,19.01,25.87,1,2022,FI,Gauche radicale,departement,77 - Seine-et-Marne,raw_2022
M. MÉLENCHON Jean-Luc,168585,17.54,22.89,1,2022,FI,Gauche radicale,departement,78 - Yvelines,raw_2022
M. MÉLENCHON Jean-Luc,167310,20.93,28.12,1,2022,FI,Gauche radicale,departement,91 - Essonne,raw_2022
Mme LE PEN Marine,165734,19.56,25.95,1,2022,RN,Extrême droite,departement,34 - Hérault,raw_2022
M. MACRON Emmanuel,165208,18.37,25.0,1,2022,LREM,Centre,departement,77 - Seine-et-Marne,raw_2022
M. MACRON Emmanuel,164503,20.58,27.65,1,2022,LREM,Centre,departement,91 - Essonne,raw_2022
Mme LE PEN Marine,159254,21.35,30.37,1,2022,RN,Extrême droite,departement,57 - Moselle,raw_2022
Mme PÉCRESSE Valérie,157205,3.52,4.6,1,2022,LR,Droite,region,Nouvelle-Aquitaine,raw_2022
M. MACRON Emmanuel,157063,26.65,35.59,1,2022,LREM,Centre,departement,49 - Maine-et-Loire,raw_2022
Mme LE PEN Marine,155738,17.32,23.56,1,2022,RN,Extrême droite,departement,77 - Seine-et-Marne,raw_2022
M. MÉLENCHON Jean-Luc,154819,18.27,24.24,1,2022,FI,Gauche radicale,departement,34 - Hérault,raw_2022
Mme LE PEN Marine,154799,17.48,23.03,1,2022,RN,Extrême droite,departement,38 - Isère,raw_2022
M. MÉLENCHON Jean-Luc,153474,17.33,22.83,1,2022,FI,Gauche radicale,departement,38 - Isère,raw_2022
M. MACRON Emmanuel,152740,25.08,32.68,1,2022,LREM,Centre,departement,56 - Morbihan,raw_2022
M. JADOT Yannick,151714,3.4,4.44,1,2022,EELV,Écologie,region,Nouvelle-Aquitaine,raw_2022
Mme LE PEN Marine,150463,12.74,16.55,1,2022,RN,Extrême droite,departement,69 - Rhône,raw_2022
M. MACRON Emmanuel,149587,27.15,35.64,1,2022,LREM,Centre,departement,85 - Vendée,raw_2022
Mme LE PEN Marine,148919,19.13,26.65,1,2022,RN,Extrême droite,departement,06 - Alpes-Maritimes,raw_2022
Mme LE PEN Marine,145883,18.73,25.3,1,2022,RN,Extrême droite,departement,67 - Bas-Rhin,raw_2022
M. MACRON Emmanuel,142335,17.34,23.77,1,2022,LREM,Centre,departement,83 - Var,raw_2022
M. MACRON Emmanuel,142306,16.79,22.28,1,2022,LREM,Centre,departement,34 - Hérault,raw_2022
M. MACRON Emmanuel,139707,17.94,25.0,1,2022,LREM,Centre,departement,06 - Alpes-Maritimes,raw_2022
M. MÉLENCHON Jean-Luc,139604,20.67,40.26,1,2022,FI,Gauche radicale,departement,ZD - La Réunion,raw_2022
M. JADOT Yannick,139122,3.22,4.2,1,2022,EELV,Écologie,region,Occitanie,raw_2022
M. MACRON Emmanuel,138166,18.84,26.09,1,2022,LREM,Centre,departement,95 - Val-d'Oise,raw_2022
M. LASSALLE Jean,136414,2.45,3.22,1,2022,Rés,Divers,region,Auvergne-Rhone-Alpes,raw_2022
M. MACRON Emmanuel,136366,18.28,26.01,1,2022,LREM,Centre,departement,57 - Moselle,raw_2022
M. MÉLENCHON Jean-Luc,136136,15.48,21.17,1,2022,FI,Gauche radicale,departement,76 - Seine-Maritime,raw_2022
Mme LE PEN Marine,135702,12.84,16.91,1,2022,RN,Extrême droite,departement,44 - Loire-Atlantique,raw_2022
Mme LE PEN Marine,133254,14.32,18.23,1,2022,RN,Extrême droite,departement,31 - Haute-Garonne,raw_2022
Mme LE PEN Marine,132873,23.55,32.27,1,2022,RN,Extrême droite,departement,60 - Oise,raw_2022
M. MÉLENCHON Jean-Luc,132510,17.17,22.2,1,2022,FI,Gauche radicale,departement,35 - Ille-et-Vilaine,raw_2022
M. MACRON Emmanuel,130422,23.06,30.53,1,2022,LREM,Centre,departement,74 - Haute-Savoie,raw_2022
Mme PÉCRESSE Valérie,129101,2.99,3.9,1,2022,LR,Droite,region,Occitanie,raw_2022
M. JADOT Yannick,127935,4.52,6.01,1,2022,EELV,Écologie,region,Pays de la Loire,raw_2022
M. MÉLENCHON Jean-Luc,124741,11.41,15.78,1,2022,FI,Gauche radicale,departement,62 - Pas-de-Calais,raw_2022
M. JADOT Yannick,122198,4.77,6.19,1,2022,EELV,Écologie,region,Bretagne,raw_2022
Mme LE PEN Marine,121480,21.89,29.34,1,2022,RN,Extrême droite,departement,30 - Gard,raw_2022
Mme PÉCRESSE Valérie,120917,3.13,4.33,1,2022,LR,Droite,region,Grand Est,raw_2022
M. MACRON Emmanuel,120366,23.5,31.16,1,2022,LREM,Centre,departement,14 - Calvados,raw_2022
M. MÉLENCHON Jean-Luc,116591,16.43,21.47,1,2022,FI,Gauche radicale,departement,29 - Finistère,raw_2022
Mme PÉCRESSE Valérie,116094,3.17,4.38,1,2022,LR,Droite,region,Provence-Alpes-Cote d'Azur,raw_2022
M. ZEMMOUR Éric,114388,4.04,5.38,1,2022,Rec,Extrême droite,region,Pays de la Loire,raw_2022
M. MACRON Emmanuel,113753,21.91,28.87,1,2022,LREM,Centre,departement,17 - Charente-Maritime,raw_2022
M. MACRON Emmanuel,113656,24.09,31.02,1,2022,LREM,Centre,departement,22 - Côtes-d'Armor,raw_2022
M. JADOT Yannick,111953,2.9,4.01,1,2022,EELV,Écologie,region,Grand Est,raw_2022
M. MACRON Emmanuel,111610,21.47,27.8,1,2022,LREM,Centre,departement,64 - Pyrénées-Atlantiques,raw_2022
M. MACRON Emmanuel,110118,13.87,20.27,1,2022,LREM,Centre,departement,93 - Seine-Saint-Denis,raw_2022
M. MÉLENCHON Jean-Luc,109394,7.62,21.92,1,2022,FI,Gauche radicale,departement,ZZ - Français établis hors de France,raw_2022
M. ZEMMOUR Éric,108617,7.7,10.77,1,2022,Rec,Extrême droite,departement,13 - Bouches-du-Rhône,raw_2022
M. JADOT Yannick,107625,2.94,4.06,1,2022,EELV,Écologie,region,Provence-Alpes-Cote d'Azur,raw_2022
Mme PÉCRESSE Valérie,107527,2.53,3.53,1,2022,LR,Droite,region,Hauts-de-France,raw_2022
M. MACRON Emmanuel,107248,20.17,27.85,1,2022,LREM,Centre,departement,68 - Haut-Rhin,raw_2022
M. ZEMMOUR Éric,107057,5.37,7.15,1,2022,Rec,Extrême droite,region,Bourgogne-Franche-Comte,raw_2022
Mme LE PEN Marine,106937,20.11,27.77,1,2022,RN,Extrême droite,departement,68 - Haut-Rhin,raw_2022
Mme PÉCRESSE Valérie,106786,3.77,5.02,1,2022,LR,Droite,region,Pays de la Loire,raw_2022
Mme LE PEN Marine,105862,13.24,17.79,1,2022,RN,Extrême droite,departement,91 - Essonne,raw_2022
M. ROUSSEL Fabien,105137,1.43,1.92,1,2022,PCF,Extrême gauche,region,Ile-de-France,raw_2022
M. MÉLENCHON Jean-Luc,105055,13.49,18.22,1,2022,FI,Gauche radicale,departement,67 - Bas-Rhin,raw_2022
Mme LE PEN Marine,104342,27.93,39.25,1,2022,RN,Extrême droite,departement,02 - Aisne,raw_2022
M. MACRON Emmanuel,104003,20.24,26.95,1,2022,LREM,Centre,departement,42 - Loire,raw_2022
Mme LE PEN Marine,102952,23.82,32.29,1,2022,RN,Extrême droite,departement,27 - Eure,raw_2022
Mme LE PEN Marine,102856,16.89,22.01,1,2022,RN,Extrême droite,departement,56 - Morbihan,raw_2022
Mme LE PEN Marine,101797,13.19,17.06,1,2022,RN,Extrême droite,departement,35 - Ille-et-Vilaine,raw_2022
M. MACRON Emmanuel,101503,23.04,30.99,1,2022,LREM,Centre,departement,37 - Indre-et-Loire,raw_2022
Mme LE PEN Marine,101398,10.55,13.77,1,2022,RN,Extrême droite,departement,78 - Yvelines,raw_2022
Mme LE PEN Marine,100890,14.22,18.58,1,2022,RN,Extrême droite,departement,29 - Finistère,raw_2022
M. MÉLENCHON Jean-Luc,100159,13.43,19.1,1,2022,FI,Gauche radicale,departement,57 - Moselle,raw_2022
M. MACRON Emmanuel,100134,21.39,28.0,1,2022,LREM,Centre,departement,63 - Puy-de-Dôme,raw_2022
M. MACRON Emmanuel,100043,17.73,24.3,1,2022,LREM,Centre,departement,60 - Oise,raw_2022
Mme LE PEN Marine,99790,19.22,25.32,1,2022,RN,Extrême droite,departement,17 - Charente-Maritime,raw_2022
M. ZEMMOUR Éric,99446,4.12,5.58,1,2022,Rec,Extrême droite,region,Normandie,raw_2022
M. DUPONT-AIGNAN Nicolas,98446,1.77,2.33,1,2022,DLF,Souverainiste,region,Auvergne-Rhone-Alpes,raw_2022
Mme LE PEN Marine,98024,23.91,32.79,1,2022,RN,Extrême droite,departement,80 - Somme,raw_2022
Mme LE PEN Marine,97764,19.03,25.33,1,2022,RN,Extrême droite,departement,42 - Loire,raw_2022
Mme LE PEN Marine,97280,17.66,23.18,1,2022,RN,Extrême droite,departement,85 - Vendée,raw_2022
Mme LE PEN Marine,97243,19.76,27.49,1,2022,RN,Extrême droite,departement,54 - Meurthe-et-Moselle,raw_2022
M. MACRON Emmanuel,97004,21.2,28.92,1,2022,LREM,Centre,departement,45 - Loiret,raw_2022
M. ZEMMOUR Éric,96984,3.79,4.91,1,2022,Rec,Extrême droite,region,Bretagne,raw_2022
M. ROUSSEL Fabien,96771,2.17,2.83,1,2022,PCF,Extrême gauche,region,Nouvelle-Aquitaine,raw_2022
M. ROUSSEL Fabien,96403,1.73,2.28,1,2022,PCF,Extrême gauche,region,Auvergne-Rhone-Alpes,raw_2022
M. MACRON Emmanuel,95252,19.36,26.92,1,2022,LREM,Centre,departement,54 - Meurthe-et-Moselle,raw_2022
M. JADOT Yannick,95164,2.24,3.13,1,2022,EELV,Écologie,region,Hauts-de-France,raw_2022
M. ROUSSEL Fabien,94776,2.23,3.12,1,2022,PCF,Extrême gauche,region,Hauts-de-France,raw_2022
Mme PÉCRESSE Valérie,92808,3.62,4.7,1,2022,LR,Droite,region,Bretagne,raw_2022
M. MACRON Emmanuel,92642,24.09,32.57,1,2022,LREM,Centre,departement,50 - Manche,raw_2022
M. MÉLENCHON Jean-Luc,92345,11.86,16.53,1,2022,FI,Gauche radicale,departement,06 - Alpes-Maritimes,raw_2022
M. MACRON Emmanuel,92206,21.05,27.69,1,2022,LREM,Centre,departement,01 - Ain,raw_2022
Mme LE PEN Marine,91774,17.92,23.76,1,2022,RN,Extrême droite,departement,14 - Calvados,raw_2022
Mme LE PEN Marine,91081,12.42,17.2,1,2022,RN,Extrême droite,departement,95 - Val-d'Oise,raw_2022
Mme LE PEN Marine,89433,15.18,20.26,1,2022,RN,Extrême droite,departement,49 - Maine-et-Loire,raw_2022
Mme LE PEN Marine,89413,21.72,29.43,1,2022,RN,Extrême droite,departement,84 - Vaucluse,raw_2022
M. MÉLENCHON Jean-Luc,89272,10.87,14.91,1,2022,FI,Gauche radicale,departement,83 - Var,raw_2022
M. MÉLENCHON Jean-Luc,88827,16.0,21.46,1,2022,FI,Gauche radicale,departement,30 - Gard,raw_2022
M. ZEMMOUR Éric,88575,4.82,6.58,1,2022,Rec,Extrême droite,region,Centre-Val de Loire,raw_2022
M. MACRON Emmanuel,88278,15.9,21.32,1,2022,LREM,Centre,departement,30 - Gard,raw_2022
Mme LE PEN Marine,87930,24.28,32.74,1,2022,RN,Extrême droite,departement,66 - Pyrénées-Orientales,raw_2022
Mme LE PEN Marine,87744,15.51,20.54,1,2022,RN,Extrême droite,departement,74 - Haute-Savoie,raw_2022
M. LASSALLE Jean,87343,1.19,1.59,1,2022,Rés,Divers,region,Ile-de-France,raw_2022
M. DUPONT-AIGNAN Nicolas,87331,1.19,1.59,1,2022,DLF,Souverainiste,region,Ile-de-France,raw_2022
Mme LE PEN Marine,86755,19.8,26.05,1,2022,RN,Extrême droite,departement,01 - Ain,raw_2022
M. ZEMMOUR Éric,86088,6.29,8.16,1,2022,Rec,Extrême droite,departement,75 - Paris,raw_2022
Mme LE PEN Marine,85832,18.76,25.59,1,2022,RN,Extrême droite,departement,45 - Loiret,raw_2022
Mme LE PEN Marine,85770,12.7,24.73,1,2022,RN,Extrême droite,departement,ZD - La Réunion,raw_2022
M. MÉLENCHON Jean-Luc,84200,13.83,18.02,1,2022,FI,Gauche radicale,departement,56 - Morbihan,raw_2022
M. MACRON Emmanuel,83876,20.39,28.24,1,2022,LREM,Centre,departement,72 - Sarthe,raw_2022
Mme LE PEN Marine,83756,22.0,30.56,1,2022,RN,Extrême droite,departement,51 - Marne,raw_2022
M. ROUSSEL Fabien,83452,1.93,2.52,1,2022,PCF,Extrême gauche,region,Occitanie,raw_2022
M. MACRON Emmanuel,83107,20.27,27.8,1,2022,LREM,Centre,departement,80 - Somme,raw_2022
M. MACRON Emmanuel,83058,19.22,26.05,1,2022,LREM,Centre,departement,27 - Eure,raw_2022
M. MACRON Emmanuel,82633,20.5,27.61,1,2022,LREM,Centre,departement,71 - Saône-et-Loire,raw_2022
Mme LE PEN Marine,82234,19.99,27.68,1,2022,RN,Extrême droite,departement,72 - Sarthe,raw_2022
Mme LE PEN Marine,81970,20.34,27.39,1,2022,RN,Extrême droite,departement,71 - Saône-et-Loire,raw_2022
M. MACRON Emmanuel,80734,22.01,28.55,1,2022,LREM,Centre,departement,21 - Côte-d'Or,raw_2022
M. MÉLENCHON Jean-Luc,80616,13.68,18.27,1,2022,FI,Gauche radicale,departement,49 - Maine-et-Loire,raw_2022
M. JADOT Yannick,80268,5.87,7.61,1,2022,EELV,Écologie,departement,75 - Paris,raw_2022
Mme LE PEN Marine,79850,16.93,21.79,1,2022,RN,Extrême droite,departement,22 - Côtes-d'Armor,raw_2022
Mme PÉCRESSE Valérie,79800,3.31,4.47,1,2022,LR,Droite,region,Normandie,raw_2022
M. MÉLENCHON Jean-Luc,79446,14.08,19.3,1,2022,FI,Gauche radicale,departement,60 - Oise,raw_2022
M. ZEMMOUR Éric,79329,9.66,13.25,1,2022,Rec,Extrême droite,departement,83 - Var,raw_2022
Mme HIDALGO Anne,78522,1.07,1.43,1,2022,PS,Gauche,region,Ile-de-France,raw_2022
M. MACRON Emmanuel,78472,20.62,28.63,1,2022,LREM,Centre,departement,51 - Marne,raw_2022
M. ZEMMOUR Éric,78208,10.04,14.0,1,2022,Rec,Extrême droite,departement,06 - Alpes-Maritimes,raw_2022
Mme LE PEN Marine,78182,16.7,21.86,1,2022,RN,Extrême droite,departement,63 - Puy-de-Dôme,raw_2022
M. MÉLENCHON Jean-Luc,78169,15.21,20.25,1,2022,FI,Gauche radicale,departement,42 - Loire,raw_2022
M. MÉLENCHON Jean-Luc,78062,13.8,18.28,1,2022,FI,Gauche radicale,departement,74 - Haute-Savoie,raw_2022
Mme HIDALGO Anne,77566,1.4,1.83,1,2022,PS,Gauche,region,Auvergne-Rhone-Alpes,raw_2022
M. LASSALLE Jean,77439,2.0,2.77,1,2022,Rés,Divers,region,Grand Est,raw_2022
Mme HIDALGO Anne,77306,1.73,2.26,1,2022,PS,Gauche,region,Nouvelle-Aquitaine,raw_2022
Mme HIDALGO Anne,77124,1.78,2.33,1,2022,PS,Gauche,region,Occitanie,raw_2022
Mme PÉCRESSE Valérie,76655,3.85,5.12,1,2022,LR,Droite,region,Bourgogne-Franche-Comte,raw_2022
M. ZEMMOUR Éric,76651,2.26,5.8,1,2022,Rec,Extrême droite,region,Inconnu,raw_2022
M. MACRON Emmanuel,76338,20.72,27.55,1,2022,LREM,Centre,departement,25 - Doubs,raw_2022
M. MÉLENCHON Jean-Luc,76030,14.62,18.94,1,2022,FI,Gauche radicale,departement,64 - Pyrénées-Atlantiques,raw_2022
M. MÉLENCHON Jean-Luc,75862,24.01,56.16,1,2022,FI,Gauche radicale,departement,ZA - Guadeloupe,raw_2022
M. DUPONT-AIGNAN Nicolas,74916,1.94,2.68,1,2022,DLF,Souverainiste,region,Grand Est,raw_2022
M. MÉLENCHON Jean-Luc,74534,15.92,20.84,1,2022,FI,Gauche radicale,departement,63 - Puy-de-Dôme,raw_2022
M. MÉLENCHON Jean-Luc,74226,15.73,20.26,1,2022,FI,Gauche radicale,departement,22 - Côtes-d'Armor,raw_2022
M. ZEMMOUR Éric,74168,6.28,8.16,1,2022,Rec,Extrême droite,departement,69 - Rhône,raw_2022
M. MÉLENCHON Jean-Luc,73950,14.44,19.15,1,2022,FI,Gauche radicale,departement,14 - Calvados,raw_2022
M. MÉLENCHON Jean-Luc,73892,15.02,20.89,1,2022,FI,Gauche radicale,departement,54 - Meurthe-et-Moselle,raw_2022
M. JADOT Yannick,73269,3.04,4.11,1,2022,EELV,Écologie,region,Normandie,raw_2022
M. ZEMMOUR Éric,73168,4.03,5.74,1,2022,Rec,Extrême droite,departement,59 - Nord,raw_2022
M. LASSALLE Jean,72830,1.99,2.75,1,2022,Rés,Divers,region,Provence-Alpes-Cote d'Azur,raw_2022
M. MACRON Emmanuel,72228,18.9,24.78,1,2022,LREM,Centre,departement,26 - Drôme,raw_2022
Mme PÉCRESSE Valérie,71690,3.9,5.33,1,2022,LR,Droite,region,Centre-Val de Loire,raw_2022
M. MÉLENCHON Jean-Luc,71633,13.8,18.18,1,2022,FI,Gauche radicale,departement,17 - Charente-Maritime,raw_2022
Mme LE PEN Marine,70574,18.47,24.22,1,2022,RN,Extrême droite,departement,26 - Drôme,raw_2022
Mme LE PEN Marine,70553,16.02,21.54,1,2022,RN,Extrême droite,departement,37 - Indre-et-Loire,raw_2022
Mme LE PEN Marine,69770,18.14,24.53,1,2022,RN,Extrême droite,departement,50 - Manche,raw_2022
Mme LE PEN Marine,69768,13.42,17.38,1,2022,RN,Extrême droite,departement,64 - Pyrénées-Atlantiques,raw_2022
Mme LE PEN Marine,69599,8.74,11.82,1,2022,RN,Extrême droite,departement,94 - Val-de-Marne,raw_2022
Mme PÉCRESSE Valérie,69564,5.08,6.59,1,2022,LR,Droite,departement,75 - Paris,raw_2022
M. MACRON Emmanuel,69459,21.09,26.92,1,2022,LREM,Centre,departement,40 - Landes,raw_2022
Mme LE PEN Marine,69110,18.84,24.44,1,2022,RN,Extrême droite,departement,21 - Côte-d'Or,raw_2022
M. MACRON Emmanuel,68446,25.05,32.94,1,2022,LREM,Centre,departement,79 - Deux-Sèvres,raw_2022
M. MÉLENCHON Jean-Luc,68012,15.44,20.77,1,2022,FI,Gauche radicale,departement,37 - Indre-et-Loire,raw_2022
M. MACRON Emmanuel,67831,22.17,29.28,1,2022,LREM,Centre,departement,86 - Vienne,raw_2022
M. DUPONT-AIGNAN Nicolas,67645,1.52,1.98,1,2022,DLF,Souverainiste,region,Nouvelle-Aquitaine,raw_2022
M. MACRON Emmanuel,66885,16.25,22.01,1,2022,LREM,Centre,departement,84 - Vaucluse,raw_2022
Mme LE PEN Marine,66703,18.11,24.07,1,2022,RN,Extrême droite,departement,25 - Doubs,raw_2022
M. MÉLENCHON Jean-Luc,66238,12.46,17.2,1,2022,FI,Gauche radicale,departement,68 - Haut-Rhin,raw_2022
Mme LE PEN Marine,65646,23.62,32.23,1,2022,RN,Extrême droite,departement,88 - Vosges,raw_2022
M. MÉLENCHON Jean-Luc,65292,21.44,53.1,1,2022,FI,Gauche radicale,departement,ZB - Martinique,raw_2022
M. MÉLENCHON Jean-Luc,65258,17.07,22.39,1,2022,FI,Gauche radicale,departement,26 - Drôme,raw_2022
Mme LE PEN Marine,64812,6.5,8.37,1,2022,RN,Extrême droite,departement,92 - Hauts-de-Seine,raw_2022
M. MACRON Emmanuel,64689,20.17,26.26,1,2022,LREM,Centre,departement,73 - Savoie,raw_2022
Mme LE PEN Marine,64543,8.13,11.88,1,2022,RN,Extrême droite,departement,93 - Seine-Saint-Denis,raw_2022
M. ZEMMOUR Éric,64407,6.7,8.74,1,2022,Rec,Extrême droite,departement,78 - Yvelines,raw_2022
Mme LE PEN Marine,64027,22.87,30.14,1,2022,RN,Extrême droite,departement,11 - Aude,raw_2022
M. MÉLENCHON Jean-Luc,63486,13.88,18.93,1,2022,FI,Gauche radicale,departement,45 - Loiret,raw_2022
Mme LE PEN Marine,63327,19.9,25.68,1,2022,RN,Extrême droite,departement,24 - Dordogne,raw_2022
M. DUPONT-AIGNAN Nicolas,63243,1.46,1.91,1,2022,DLF,Souverainiste,region,Occitanie,raw_2022
M. MÉLENCHON Jean-Luc,63049,15.32,20.75,1,2022,FI,Gauche radicale,departement,84 - Vaucluse,raw_2022
M. ZEMMOUR Éric,62761,6.29,8.1,1,2022,Rec,Extrême droite,departement,92 - Hauts-de-Seine,raw_2022
M. MACRON Emmanuel,62542,9.26,18.04,1,2022,LREM,Centre,departement,ZD - La Réunion,raw_2022
M. LASSALLE Jean,62487,1.47,2.05,1,2022,Rés,Divers,region,Hauts-de-France,raw_2022
Mme PÉCRESSE Valérie,62231,6.24,8.03,1,2022,LR,Droite,departement,92 - Hauts-de-Seine,raw_2022
Mme LE PEN Marine,61960,20.39,28.16,1,2022,RN,Extrême droite,departement,28 - Eure-et-Loir,raw_2022
Mme PÉCRESSE Valérie,61296,6.38,8.32,1,2022,LR,Droite,departement,78 - Yvelines,raw_2022
M. MACRON Emmanuel,60755,27.04,36.4,1,2022,LREM,Centre,departement,53 - Mayenne,raw_2022
M. MÉLENCHON Jean-Luc,60524,10.99,14.42,1,2022,FI,Gauche radicale,departement,85 - Vendée,raw_2022
M. JADOT Yannick,60235,3.02,4.02,1,2022,EELV,Écologie,region,Bourgogne-Franche-Comte,raw_2022
M. DUPONT-AIGNAN Nicolas,60186,1.64,2.27,1,2022,DLF,Souverainiste,region,Provence-Alpes-Cote d'Azur,raw_2022
M. JADOT Yannick,60072,5.68,7.49,1,2022,EELV,Écologie,departement,44 - Loire-Atlantique,raw_2022
M. MACRON Emmanuel,59869,19.7,27.21,1,2022,LREM,Centre,departement,28 - Eure-et-Loir,raw_2022
M. MACRON Emmanuel,58721,15.72,22.09,1,2022,LREM,Centre,departement,02 - Aisne,raw_2022
M. JADOT Yannick,58654,1.73,4.44,1,2022,EELV,Écologie,region,Inconnu,raw_2022
M. LASSALLE Jean,58653,2.29,2.97,1,2022,Rés,Divers,region,Bretagne,raw_2022
Mme LE PEN Marine,58646,17.81,22.73,1,2022,RN,Extrême droite,departement,40 - Landes,raw_2022
M. MACRON Emmanuel,58532,18.4,23.74,1,2022,LREM,Centre,departement,24 - Dordogne,raw_2022
Mme LE PEN Marine,58429,4.27,5.54,1,2022,RN,Extrême droite,departement,75 - Paris,raw_2022
M. ZEMMOUR Éric,58321,5.03,6.54,1,2022,Rec,Extrême droite,departement,33 - Gironde,raw_2022
M. MÉLENCHON Jean-Luc,57832,13.2,17.37,1,2022,FI,Gauche radicale,departement,01 - Ain,raw_2022
M. ZEMMOUR Éric,57751,6.82,9.04,1,2022,Rec,Extrême droite,departement,34 - Hérault,raw_2022
Mme LE PEN Marine,56733,17.69,23.03,1,2022,RN,Extrême droite,departement,73 - Savoie,raw_2022
Mme LE PEN Marine,56543,18.96,24.6,1,2022,RN,Extrême droite,departement,81 - Tarn,raw_2022
M. MÉLENCHON Jean-Luc,55587,15.09,20.06,1,2022,FI,Gauche radicale,departement,25 - Doubs,raw_2022
M. MÉLENCHON Jean-Luc,55571,12.86,17.43,1,2022,FI,Gauche radicale,departement,27 - Eure,raw_2022
M. DUPONT-AIGNAN Nicolas,55386,1.3,1.82,1,2022,DLF,Souverainiste,region,Hauts-de-France,raw_2022
M. MACRON Emmanuel,55169,15.24,20.54,1,2022,LREM,Centre,departement,66 - Pyrénées-Orientales,raw_2022
Mme LE PEN Marine,55164,23.18,31.25,1,2022,RN,Extrême droite,departement,89 - Yonne,raw_2022
M. MACRON Emmanuel,54951,20.84,27.19,1,2022,LREM,Centre,departement,87 - Haute-Vienne,raw_2022
M. ROUSSEL Fabien,54718,1.49,2.06,1,2022,PCF,Extrême gauche,region,Provence-Alpes-Cote d'Azur,raw_2022
M. LASSALLE Jean,54592,1.93,2.57,1,2022,Rés,Divers,region,Pays de la Loire,raw_2022
M. JADOT Yannick,54401,2.96,4.04,1,2022,EELV,Écologie,region,Centre-Val de Loire,raw_2022
M. MÉLENCHON Jean-Luc,54244,13.19,18.26,1,2022,FI,Gauche radicale,departement,72 - Sarthe,raw_2022
Mme LE PEN Marine,54214,17.72,23.4,1,2022,RN,Extrême droite,departement,86 - Vienne,raw_2022
M. MACRON Emmanuel,53925,18.08,23.46,1,2022,LREM,Centre,departement,81 - Tarn,raw_2022
M. MÉLENCHON Jean-Luc,53875,14.69,19.05,1,2022,FI,Gauche radicale,departement,21 - Côte-d'Or,raw_2022
Mme PÉCRESSE Valérie,53839,1.59,4.07,1,2022,LR,Droite,region,Inconnu,raw_2022
M. MACRON Emmanuel,53126,20.62,27.57,1,2022,LREM,Centre,departement,16 - Charente,raw_2022
M. MÉLENCHON Jean-Luc,52343,12.76,17.51,1,2022,FI,Gauche radicale,departement,80 - Somme,raw_2022
M. MÉLENCHON Jean-Luc,52336,12.99,17.49,1,2022,FI,Gauche radicale,departement,71 - Saône-et-Loire,raw_2022
M. JADOT Yannick,51907,4.39,5.71,1,2022,EELV,Écologie,departement,69 - Rhône,raw_2022
M. MÉLENCHON Jean-Luc,51556,14.24,19.2,1,2022,FI,Gauche radicale,departement,66 - Pyrénées-Orientales,raw_2022
M. MACRON Emmanuel,51432,18.51,25.25,1,2022,LREM,Centre,departement,88 - Vosges,raw_2022
M. ROUSSEL Fabien,51193,2.0,2.59,1,2022,PCF,Extrême gauche,region,Bretagne,raw_2022
M. ZEMMOUR Éric,50613,5.44,6.92,1,2022,Rec,Extrême droite,departement,31 - Haute-Garonne,raw_2022
M. MACRON Emmanuel,50480,20.63,27.92,1,2022,LREM,Centre,departement,41 - Loir-et-Cher,raw_2022
Mme LE PEN Marine,50432,19.58,26.18,1,2022,RN,Extrême droite,departement,16 - Charente,raw_2022
Mme LE PEN Marine,50315,20.13,27.06,1,2022,RN,Extrême droite,departement,03 - Allier,raw_2022
Mme LE PEN Marine,50290,20.84,27.32,1,2022,RN,Extrême droite,departement,47 - Lot-et-Garonne,raw_2022
Mme PÉCRESSE Valérie,50263,4.26,5.53,1,2022,LR,Droite,departement,69 - Rhône,raw_2022
Mme LE PEN Marine,50212,20.52,27.77,1,2022,RN,Extrême droite,departement,41 - Loir-et-Cher,raw_2022
M. MÉLENCHON Jean-Luc,50054,15.73,20.3,1,2022,FI,Gauche radicale,departement,24 - Dordogne,raw_2022
M. MÉLENCHON Jean-Luc,49858,15.55,20.24,1,2022,FI,Gauche radicale,departement,73 - Savoie,raw_2022
M. MACRON Emmanuel,49706,19.88,26.73,1,2022,LREM,Centre,departement,03 - Allier,raw_2022
Mme LE PEN Marine,49594,19.38,25.18,1,2022,RN,Extrême droite,departement,07 - Ardèche,raw_2022
M. LASSALLE Jean,49557,2.49,3.31,1,2022,Rés,Divers,region,Bourgogne-Franche-Comte,raw_2022
Mme LE PEN Marine,49316,23.99,32.95,1,2022,RN,Extrême droite,departement,10 - Aube,raw_2022
M. MÉLENCHON Jean-Luc,49162,16.07,21.22,1,2022,FI,Gauche radicale,departement,86 - Vienne,raw_2022
M. MÉLENCHON Jean-Luc,48430,16.24,21.07,1,2022,FI,Gauche radicale,departement,81 - Tarn,raw_2022
M. LASSALLE Jean,48246,9.28,12.02,1,2022,Rés,Divers,departement,64 - Pyrénées-Atlantiques,raw_2022
Mme LE PEN Marine,48242,25.91,36.02,1,2022,RN,Extrême droite,departement,08 - Ardennes,raw_2022
Mme LE PEN Marine,47903,17.53,23.05,1,2022,RN,Extrême droite,departement,79 - Deux-Sèvres,raw_2022
M. ZEMMOUR Éric,47893,5.33,7.25,1,2022,Rec,Extrême droite,departement,77 - Seine-et-Marne,raw_2022
M. ZEMMOUR Éric,47450,5.36,7.06,1,2022,Rec,Extrême droite,departement,38 - Isère,raw_2022
M. MACRON Emmanuel,47430,21.61,27.75,1,2022,LREM,Centre,departement,12 - Aveyron,raw_2022
M. ROUSSEL Fabien,47422,1.23,1.7,1,2022,PCF,Extrême gauche,region,Grand Est,raw_2022
M. JADOT Yannick,47103,4.72,6.08,1,2022,EELV,Écologie,departement,92 - Hauts-de-Seine,raw_2022
M. JADOT Yannick,46962,2.59,3.68,1,2022,EELV,Écologie,departement,59 - Nord,raw_2022
M. MÉLENCHON Jean-Luc,46940,12.2,16.5,1,2022,FI,Gauche radicale,departement,50 - Manche,raw_2022
M. JADOT Yannick,46677,4.03,5.23,1,2022,EELV,Écologie,departement,33 - Gironde,raw_2022
Mme LE PEN Marine,46618,26.23,34.6,1,2022,RN,Extrême droite,departement,70 - Haute-Saône,raw_2022
M. ROUSSEL Fabien,46358,1.92,2.6,1,2022,PCF,Extrême gauche,region,Normandie,raw_2022
M. MACRON Emmanuel,46005,22.38,30.48,1,2022,LREM,Centre,departement,61 - Orne,raw_2022
M. ROUSSEL Fabien,45902,2.53,3.6,1,2022,PCF,Extrême gauche,departement,59 - Nord,raw_2022
M. LASSALLE Jean,45488,1.88,2.55,1,2022,Rés,Divers,region,Normandie,raw_2022
Mme LE PEN Marine,45357,17.2,22.44,1,2022,RN,Extrême droite,departement,87 - Haute-Vienne,raw_2022
M. MACRON Emmanuel,45353,17.73,23.02,1,2022,LREM,Centre,departement,07 - Ardèche,raw_2022
M. ROUSSEL Fabien,45058,1.59,2.12,1,2022,PCF,Extrême gauche,region,Pays de la Loire,raw_2022
Mme LE PEN Marine,44772,19.94,27.89,1,2022,RN,Extrême droite,departement,18 - Cher,raw_2022
M. MÉLENCHON Jean-Luc,44548,13.53,17.26,1,2022,FI,Gauche radicale,departement,40 - Landes,raw_2022
M. DUPONT-AIGNAN Nicolas,44215,1.56,2.08,1,2022,DLF,Souverainiste,region,Pays de la Loire,raw_2022
Mme HIDALGO Anne,43596,1.7,2.21,1,2022,PS,Gauche,region,Bretagne,raw_2022
M. MACRON Emmanuel,43497,19.37,27.1,1,2022,LREM,Centre,departement,18 - Cher,raw_2022
M. ZEMMOUR Éric,43430,5.46,7.37,1,2022,Rec,Extrême droite,departement,94 - Val-de-Marne,raw_2022
Mme HIDALGO Anne,43291,1.53,2.03,1,2022,PS,Gauche,region,Pays de la Loire,raw_2022
M. ZEMMOUR Éric,43252,3.01,8.67,1,2022,Rec,Extrême droite,departement,ZZ - Français établis hors de France,raw_2022
M. MÉLENCHON Jean-Luc,43137,16.36,21.34,1,2022,FI,Gauche radicale,departement,87 - Haute-Vienne,raw_2022
M. MACRON Emmanuel,43104,15.4,20.29,1,2022,LREM,Centre,departement,11 - Aude,raw_2022
M. MÉLENCHON Jean-Luc,42858,11.26,15.64,1,2022,FI,Gauche radicale,departement,51 - Marne,raw_2022
M. MÉLENCHON Jean-Luc,42837,16.74,21.75,1,2022,FI,Gauche radicale,departement,07 - Ardèche,raw_2022
M. ZEMMOUR Éric,42761,4.05,5.33,1,2022,Rec,Extrême droite,departement,44 - Loire-Atlantique,raw_2022
M. MACRON Emmanuel,42617,17.91,24.14,1,2022,LREM,Centre,departement,89 - Yonne,raw_2022
M. JADOT Yannick,42613,5.52,7.14,1,2022,EELV,Écologie,departement,35 - Ille-et-Vilaine,raw_2022
M. JADOT Yannick,42599,4.58,5.83,1,2022,EELV,Écologie,departement,31 - Haute-Garonne,raw_2022
M. MACRON Emmanuel,42568,17.64,23.12,1,2022,LREM,Centre,departement,47 - Lot-et-Garonne,raw_2022
Mme PÉCRESSE Valérie,42470,2.34,3.33,1,2022,LR,Droite,departement,59 - Nord,raw_2022
Mme LE PEN Marine,42183,22.35,28.93,1,2022,RN,Extrême droite,departement,82 - Tarn-et-Garonne,raw_2022
Mme LE PEN Marine,42137,17.34,28.59,1,2022,RN,Extrême droite,region,Corse,raw_2022
M. JADOT Yannick,42109,2.98,4.17,1,2022,EELV,Écologie,departement,13 - Bouches-du-Rhône,raw_2022
M. MÉLENCHON Jean-Luc,42039,15.02,19.79,1,2022,FI,Gauche radicale,departement,11 - Aude,raw_2022
Mme LE PEN Marine,41804,20.34,27.69,1,2022,RN,Extrême droite,departement,61 - Orne,raw_2022
M. MÉLENCHON Jean-Luc,41172,11.02,15.49,1,2022,FI,Gauche radicale,departement,02 - Aisne,raw_2022
Mme HIDALGO Anne,40814,0.96,1.34,1,2022,PS,Gauche,region,Hauts-de-France,raw_2022
M. JADOT Yannick,40774,2.84,8.17,1,2022,EELV,Écologie,departement,ZZ - Français établis hors de France,raw_2022
M. ZEMMOUR Éric,40764,3.73,5.16,1,2022,Rec,Extrême droite,departement,62 - Pas-de-Calais,raw_2022
M. MÉLENCHON Jean-Luc,40529,13.34,18.42,1,2022,FI,Gauche radicale,departement,28 - Eure-et-Loir,raw_2022
M. JADOT Yannick,40470,4.21,5.49,1,2022,EELV,Écologie,departement,78 - Yvelines,raw_2022
M. ZEMMOUR Éric,40458,5.2,7.02,1,2022,Rec,Extrême droite,departement,67 - Bas-Rhin,raw_2022
M. JADOT Yannick,40378,4.56,6.01,1,2022,EELV,Écologie,departement,38 - Isère,raw_2022
Mme HIDALGO Anne,40030,1.04,1.43,1,2022,PS,Gauche,region,Grand Est,raw_2022
M. ZEMMOUR Éric,39369,5.28,7.51,1,2022,Rec,Extrême droite,departement,57 - Moselle,raw_2022
M. ZEMMOUR Éric,39284,4.91,6.6,1,2022,Rec,Extrême droite,departement,91 - Essonne,raw_2022
M. MÉLENCHON Jean-Luc,39120,14.32,18.83,1,2022,FI,Gauche radicale,departement,79 - Deux-Sèvres,raw_2022
M. DUPONT-AIGNAN Nicolas,38691,1.94,2.58,1,2022,DLF,Souverainiste,region,Bourgogne-Franche-Comte,raw_2022
M. LASSALLE Jean,38659,2.1,2.87,1,2022,Rés,Divers,region,Centre-Val de Loire,raw_2022
Mme LE PEN Marine,38629,21.38,27.66,1,2022,RN,Extrême droite,departement,43 - Haute-Loire,raw_2022
M. DUPONT-AIGNAN Nicolas,38560,1.6,2.16,1,2022,DLF,Souverainiste,region,Normandie,raw_2022
M. ZEMMOUR Éric,38479,6.93,9.29,1,2022,Rec,Extrême droite,departement,30 - Gard,raw_2022
M. MACRON Emmanuel,38321,18.64,25.6,1,2022,LREM,Centre,departement,10 - Aube,raw_2022
Mme LE PEN Marine,38179,20.03,26.29,1,2022,RN,Extrême droite,departement,39 - Jura,raw_2022
M. LASSALLE Jean,37725,3.26,4.23,1,2022,Rés,Divers,departement,33 - Gironde,raw_2022
Mme PÉCRESSE Valérie,37575,3.24,4.21,1,2022,LR,Droite,departement,33 - Gironde,raw_2022
M. ZEMMOUR Éric,37564,5.12,7.09,1,2022,Rec,Extrême droite,departement,95 - Val-d'Oise,raw_2022
Mme PÉCRESSE Valérie,37541,3.55,4.68,1,2022,LR,Droite,departement,44 - Loire-Atlantique,raw_2022
Mme LE PEN Marine,37376,16.63,22.39,1,2022,RN,Extrême droite,departement,53 - Mayenne,raw_2022
M. MÉLENCHON Jean-Luc,37305,14.48,19.36,1,2022,FI,Gauche radicale,departement,16 - Charente,raw_2022
Mme PÉCRESSE Valérie,36828,4.1,5.57,1,2022,LR,Droite,departement,77 - Seine-et-Marne,raw_2022
Mme PÉCRESSE Valérie,36229,2.57,3.59,1,2022,LR,Droite,departement,13 - Bouches-du-Rhône,raw_2022
M. MACRON Emmanuel,36139,18.96,24.88,1,2022,LREM,Centre,departement,39 - Jura,raw_2022
M. LASSALLE Jean,35479,3.81,4.85,1,2022,Rés,Divers,departement,31 - Haute-Garonne,raw_2022
M. DUPONT-AIGNAN Nicolas,35116,1.37,1.78,1,2022,DLF,Souverainiste,region,Bretagne,raw_2022
Mme LE PEN Marine,34588,25.66,35.11,1,2022,RN,Extrême droite,departement,55 - Meuse,raw_2022
Mme LE PEN Marine,34516,20.78,28.53,1,2022,RN,Extrême droite,departement,36 - Indre,raw_2022
Mme LE PEN Marine,34357,15.65,20.1,1,2022,RN,Extrême droite,departement,12 - Aveyron,raw_2022
Mme LE PEN Marine,34331,26.53,36.6,1,2022,RN,Extrême droite,departement,52 - Haute-Marne,raw_2022
M. MÉLENCHON Jean-Luc,34044,14.11,18.49,1,2022,FI,Gauche radicale,departement,47 - Lot-et-Garonne,raw_2022
M. ROUSSEL Fabien,33932,1.7,2.27,1,2022,PCF,Extrême gauche,region,Bourgogne-Franche-Comte,raw_2022
M. MACRON Emmanuel,33692,18.99,24.98,1,2022,LREM,Centre,departement,65 - Hautes-Pyrénées,raw_2022
M. ROUSSEL Fabien,33590,1.83,2.5,1,2022,PCF,Extrême gauche,region,Centre-Val de Loire,raw_2022
M. ZEMMOUR Éric,33361,3.79,5.19,1,2022,Rec,Extrême droite,departement,76 - Seine-Maritime,raw_2022
M. ZEMMOUR Éric,33353,5.9,7.81,1,2022,Rec,Extrême droite,departement,74 - Haute-Savoie,raw_2022
M. JADOT Yannick,33200,4.68,6.12,1,2022,EELV,Écologie,departement,29 - Finistère,raw_2022
M. MACRON Emmanuel,33125,17.9,23.23,1,2022,LREM,Centre,departement,19 - Corrèze,raw_2022
M. POUTOU Philippe,33050,0.45,0.6,1,2022,NPA,Extrême gauche,region,Ile-de-France,raw_2022
Mme PÉCRESSE Valérie,33046,4.13,5.55,1,2022,LR,Droite,departement,91 - Essonne,raw_2022
Mme LE PEN Marine,32838,21.3,29.2,1,2022,RN,Extrême droite,departement,58 - Nièvre,raw_2022
M. MÉLENCHON Jean-Luc,32734,14.92,19.15,1,2022,FI,Gauche radicale,departement,12 - Aveyron,raw_2022
M. MÉLENCHON Jean-Luc,32655,11.75,16.03,1,2022,FI,Gauche radicale,departement,88 - Vosges,raw_2022
M. POUTOU Philippe,32597,0.73,0.95,1,2022,NPA,Extrême gauche,region,Nouvelle-Aquitaine,raw_2022
Mme PÉCRESSE Valérie,32522,4.09,5.52,1,2022,LR,Droite,departement,94 - Val-de-Marne,raw_2022
M. MACRON Emmanuel,32417,17.94,23.21,1,2022,LREM,Centre,departement,43 - Haute-Loire,raw_2022
M. JADOT Yannick,31904,4.01,5.42,1,2022,EELV,Écologie,departement,94 - Val-de-Marne,raw_2022
M. DUPONT-AIGNAN Nicolas,31759,1.73,2.36,1,2022,DLF,Souverainiste,region,Centre-Val de Loire,raw_2022
M. MACRON Emmanuel,31737,16.82,21.76,1,2022,LREM,Centre,departement,82 - Tarn-et-Garonne,raw_2022
Mme LE PEN Marine,31658,17.11,22.2,1,2022,RN,Extrême droite,departement,19 - Corrèze,raw_2022
M. MACRON Emmanuel,31656,17.0,23.64,1,2022,LREM,Centre,departement,08 - Ardennes,raw_2022
M. MÉLENCHON Jean-Luc,31601,13.28,17.9,1,2022,FI,Gauche radicale,departement,89 - Yonne,raw_2022
M. MACRON Emmanuel,31498,18.96,26.03,1,2022,LREM,Centre,departement,36 - Indre,raw_2022
Mme PÉCRESSE Valérie,31260,4.01,5.59,1,2022,LR,Droite,departement,06 - Alpes-Maritimes,raw_2022
M. MÉLENCHON Jean-Luc,31013,12.41,16.68,1,2022,FI,Gauche radicale,departement,03 - Allier,raw_2022
M. POUTOU Philippe,30586,0.55,0.72,1,2022,NPA,Extrême gauche,region,Auvergne-Rhone-Alpes,raw_2022
M. ZEMMOUR Éric,30473,7.4,10.03,1,2022,Rec,Extrême droite,departement,84 - Vaucluse,raw_2022
M. MÉLENCHON Jean-Luc,30377,12.41,16.8,1,2022,FI,Gauche radicale,departement,41 - Loir-et-Cher,raw_2022
M. ZEMMOUR Éric,30333,5.38,7.37,1,2022,Rec,Extrême droite,departement,60 - Oise,raw_2022
M. ZEMMOUR Éric,30284,5.7,7.86,1,2022,Rec,Extrême droite,departement,68 - Haut-Rhin,raw_2022
Mme HIDALGO Anne,30235,1.25,1.7,1,2022,PS,Gauche,region,Normandie,raw_2022
M. MACRON Emmanuel,30204,17.0,22.42,1,2022,LREM,Centre,departement,70 - Haute-Saône,raw_2022
M. JADOT Yannick,29948,5.29,7.01,1,2022,EELV,Écologie,departement,74 - Haute-Savoie,raw_2022
Mme LE PEN Marine,29938,16.87,22.19,1,2022,RN,Extrême droite,departement,65 - Hautes-Pyrénées,raw_2022
M. JADOT Yannick,29562,3.7,4.97,1,2022,EELV,Écologie,departement,91 - Essonne,raw_2022
Mme HIDALGO Anne,29501,0.81,1.11,1,2022,PS,Gauche,region,Provence-Alpes-Cote d'Azur,raw_2022
M. MACRON Emmanuel,28970,19.67,24.89,1,2022,LREM,Centre,departement,32 - Gers,raw_2022
M. MÉLENCHON Jean-Luc,28882,15.15,19.89,1,2022,FI,Gauche radicale,departement,39 - Jura,raw_2022
M. ZEMMOUR Éric,28706,5.59,7.44,1,2022,Rec,Extrême droite,departement,42 - Loire,raw_2022
M. MACRON Emmanuel,28686,18.6,25.51,1,2022,LREM,Centre,departement,58 - Nièvre,raw_2022
Mme PÉCRESSE Valérie,28575,3.23,4.25,1,2022,LR,Droite,departement,38 - Isère,raw_2022
M. JADOT Yannick,28573,3.67,4.95,1,2022,EELV,Écologie,departement,67 - Bas-Rhin,raw_2022
M. MACRON Emmanuel,28561,13.06,40.51,1,2022,LREM,Centre,departement,ZN - Nouvelle-Calédonie,raw_2022
Mme PÉCRESSE Valérie,28342,3.45,4.73,1,2022,LR,Droite,departement,83 - Var,raw_2022
M. JADOT Yannick,28057,3.31,4.39,1,2022,EELV,Écologie,departement,34 - Hérault,raw_2022
M. ZEMMOUR Éric,27969,3.52,5.15,1,2022,Rec,Extrême droite,departement,93 - Seine-Saint-Denis,raw_2022
M. MÉLENCHON Jean-Luc,27901,12.42,17.38,1,2022,FI,Gauche radicale,departement,18 - Cher,raw_2022
M. MÉLENCHON Jean-Luc,27881,14.77,19.12,1,2022,FI,Gauche radicale,departement,82 - Tarn-et-Garonne,raw_2022
M. MÉLENCHON Jean-Luc,27731,14.99,19.45,1,2022,FI,Gauche radicale,departement,19 - Corrèze,raw_2022
M. ZEMMOUR Éric,27530,6.28,8.27,1,2022,Rec,Extrême droite,departement,01 - Ain,raw_2022
M. ZEMMOUR Éric,27463,3.56,4.6,1,2022,Rec,Extrême droite,departement,35 - Ille-et-Vilaine,raw_2022
M. MACRON Emmanuel,27311,19.61,24.97,1,2022,LREM,Centre,departement,46 - Lot,raw_2022
Mme HIDALGO Anne,27205,0.8,2.06,1,2022,PS,Gauche,region,Inconnu,raw_2022
Mme PÉCRESSE Valérie,27153,2.92,3.71,1,2022,LR,Droite,departement,31 - Haute-Garonne,raw_2022
M. DUPONT-AIGNAN Nicolas,27093,0.8,2.05,1,2022,DLF,Souverainiste,region,Inconnu,raw_2022
M. JADOT Yannick,27036,4.44,5.78,1,2022,EELV,Écologie,departement,56 - Morbihan,raw_2022
M. JADOT Yannick,26718,2.97,4.04,1,2022,EELV,Écologie,departement,77 - Seine-et-Marne,raw_2022
M. MACRON Emmanuel,26705,10.99,18.12,1,2022,LREM,Centre,region,Corse,raw_2022
M. JADOT Yannick,26635,4.52,6.04,1,2022,EELV,Écologie,departement,49 - Maine-et-Loire,raw_2022
M. ZEMMOUR Éric,26595,4.37,5.69,1,2022,Rec,Extrême droite,departement,56 - Morbihan,raw_2022
Mme HIDALGO Anne,26543,1.33,1.77,1,2022,PS,Gauche,region,Bourgogne-Franche-Comte,raw_2022
Mme PÉCRESSE Valérie,26541,3.74,4.89,1,2022,LR,Droite,departement,29 - Finistère,raw_2022
M. MÉLENCHON Jean-Luc,26449,14.91,19.61,1,2022,FI,Gauche radicale,departement,65 - Hautes-Pyrénées,raw_2022
Mme PÉCRESSE Valérie,26403,3.6,4.99,1,2022,LR,Droite,departement,95 - Val-d'Oise,raw_2022
Mme LE PEN Marine,26380,1.84,5.29,1,2022,RN,Extrême droite,departement,ZZ - Français établis hors de France,raw_2022
Mme PÉCRESSE Valérie,26194,3.39,4.39,1,2022,LR,Droite,departement,35 - Ille-et-Vilaine,raw_2022
M. ROUSSEL Fabien,26146,2.39,3.31,1,2022,PCF,Extrême gauche,departement,62 - Pas-de-Calais,raw_2022
Mme LE PEN Marine,26015,17.66,22.35,1,2022,RN,Extrême droite,departement,32 - Gers,raw_2022
Mme LE PEN Marine,26010,20.31,26.9,1,2022,RN,Extrême droite,departement,04 - Alpes-de-Haute-Provence,raw_2022
M. MÉLENCHON Jean-Luc,25932,18.62,23.71,1,2022,FI,Gauche radicale,departement,46 - Lot,raw_2022
M. ZEMMOUR Éric,25877,4.98,6.45,1,2022,Rec,Extrême droite,departement,64 - Pyrénées-Atlantiques,raw_2022
M. ZEMMOUR Éric,25663,4.66,6.11,1,2022,Rec,Extrême droite,departement,85 - Vendée,raw_2022
M. MÉLENCHON Jean-Luc,25608,11.4,15.34,1,2022,FI,Gauche radicale,departement,53 - Mayenne,raw_2022
M. ZEMMOUR Éric,25607,3.61,4.72,1,2022,Rec,Extrême droite,departement,29 - Finistère,raw_2022
Mme PÉCRESSE Valérie,25307,2.31,3.2,1,2022,LR,Droite,departement,62 - Pas-de-Calais,raw_2022
M. MACRON Emmanuel,25038,21.63,28.42,1,2022,LREM,Centre,departement,15 - Cantal,raw_2022
Mme PÉCRESSE Valérie,24812,3.19,4.3,1,2022,LR,Droite,departement,67 - Bas-Rhin,raw_2022
M. JADOT Yannick,24785,2.82,3.85,1,2022,EELV,Écologie,departement,76 - Seine-Maritime,raw_2022
M. ZEMMOUR Éric,24782,6.84,9.23,1,2022,Rec,Extrême droite,departement,66 - Pyrénées-Orientales,raw_2022
M. MACRON Emmanuel,24539,18.2,24.91,1,2022,LREM,Centre,departement,55 - Meuse,raw_2022
M. ZEMMOUR Éric,24347,4.69,6.18,1,2022,Rec,Extrême droite,departement,17 - Charente-Maritime,raw_2022
M. MÉLENCHON Jean-Luc,24332,13.46,17.42,1,2022,FI,Gauche radicale,departement,43 - Haute-Loire,raw_2022
M. LASSALLE Jean,24308,7.38,9.42,1,2022,Rés,Divers,departement,40 - Landes,raw_2022
M. ROUSSEL Fabien,24295,1.72,2.41,1,2022,PCF,Extrême gauche,departement,13 - Bouches-du-Rhône,raw_2022
Mme PÉCRESSE Valérie,24281,2.76,3.78,1,2022,LR,Droite,departement,76 - Seine-Maritime,raw_2022
M. LASSALLE Jean,24256,1.72,2.4,1,2022,Rés,Divers,departement,13 - Bouches-du-Rhône,raw_2022
Mme LE PEN Marine,24204,7.66,17.92,1,2022,RN,Extrême droite,departement,ZA - Guadeloupe,raw_2022
M. MACRON Emmanuel,24106,11.73,40.16,1,2022,LREM,Centre,departement,ZP - Polynésie française,raw_2022
M. MÉLENCHON Jean-Luc,23908,20.08,26.07,1,2022,FI,Gauche radicale,departement,09 - Ariège,raw_2022
M. POUTOU Philippe,23891,0.55,0.72,1,2022,NPA,Extrême gauche,region,Occitanie,raw_2022
M. ZEMMOUR Éric,23518,4.78,6.65,1,2022,Rec,Extrême droite,departement,54 - Meurthe-et-Moselle,raw_2022
M. JADOT Yannick,23374,3.0,4.18,1,2022,EELV,Écologie,departement,06 - Alpes-Maritimes,raw_2022
Mme PÉCRESSE Valérie,23230,2.74,3.64,1,2022,LR,Droite,departement,34 - Hérault,raw_2022
Mme HIDALGO Anne,23162,1.26,1.72,1,2022,PS,Gauche,region,Centre-Val de Loire,raw_2022
Mme ARTHAUD Nathalie,23136,0.42,0.55,1,2022,LO,Extrême gauche,region,Auvergne-Rhone-Alpes,raw_2022
M. MÉLENCHON Jean-Luc,22993,11.19,15.23,1,2022,FI,Gauche radicale,departement,61 - Orne,raw_2022
Mme HIDALGO Anne,22901,1.67,2.17,1,2022,PS,Gauche,departement,75 - Paris,raw_2022
M. ZEMMOUR Éric,22878,5.0,6.82,1,2022,Rec,Extrême droite,departement,45 - Loiret,raw_2022
Mme PÉCRESSE Valérie,22838,3.75,4.89,1,2022,LR,Droite,departement,56 - Morbihan,raw_2022
Mme PÉCRESSE Valérie,22534,4.09,5.37,1,2022,LR,Droite,departement,85 - Vendée,raw_2022
M. MÉLENCHON Jean-Luc,22483,10.94,15.02,1,2022,FI,Gauche radicale,departement,10 - Aube,raw_2022
M. LASSALLE Jean,22459,1.24,1.76,1,2022,Rés,Divers,departement,59 - Nord,raw_2022
Mme PÉCRESSE Valérie,22349,3.95,5.23,1,2022,LR,Droite,departement,74 - Haute-Savoie,raw_2022
M. MÉLENCHON Jean-Luc,22281,11.97,16.64,1,2022,FI,Gauche radicale,departement,08 - Ardennes,raw_2022
M. ZEMMOUR Éric,22255,4.35,5.76,1,2022,Rec,Extrême droite,departement,14 - Calvados,raw_2022
M. POUTOU Philippe,22241,0.58,0.8,1,2022,NPA,Extrême gauche,region,Grand Est,raw_2022
M. LASSALLE Jean,22068,2.6,3.45,1,2022,Rés,Divers,departement,34 - Hérault,raw_2022
M. ZEMMOUR Éric,22010,5.76,7.55,1,2022,Rec,Extrême droite,departement,26 - Drôme,raw_2022
Mme LE PEN Marine,21998,17.04,28.02,1,2022,RN,Extrême droite,departement,2B - Haute-Corse,raw_2022
Mme LE PEN Marine,21958,18.45,23.94,1,2022,RN,Extrême droite,departement,09 - Ariège,raw_2022
Mme ARTHAUD Nathalie,21894,0.3,0.4,1,2022,LO,Extrême gauche,region,Ile-de-France,raw_2022
M. MACRON Emmanuel,21886,16.91,23.33,1,2022,LREM,Centre,departement,52 - Haute-Marne,raw_2022
M. MÉLENCHON Jean-Luc,21856,17.07,22.61,1,2022,FI,Gauche radicale,departement,04 - Alpes-de-Haute-Provence,raw_2022
M. ZEMMOUR Éric,21704,3.68,4.92,1,2022,Rec,Extrême droite,departement,49 - Maine-et-Loire,raw_2022
M. ZEMMOUR Éric,21651,5.9,7.66,1,2022,Rec,Extrême droite,departement,21 - Côte-d'Or,raw_2022
Mme LE PEN Marine,21570,18.64,24.48,1,2022,RN,Extrême droite,departement,15 - Cantal,raw_2022
Mme PÉCRESSE Valérie,21538,3.66,4.88,1,2022,LR,Droite,departement,49 - Maine-et-Loire,raw_2022
M. ROUSSEL Fabien,21522,1.86,2.41,1,2022,PCF,Extrême gauche,departement,33 - Gironde,raw_2022
Mme LE PEN Marine,21422,15.38,19.58,1,2022,RN,Extrême droite,departement,46 - Lot,raw_2022
M. MÉLENCHON Jean-Luc,21353,14.5,18.34,1,2022,FI,Gauche radicale,departement,32 - Gers,raw_2022
M. POUTOU Philippe,21125,0.5,0.69,1,2022,NPA,Extrême gauche,region,Hauts-de-France,raw_2022
M. MÉLENCHON Jean-Luc,21089,11.87,15.65,1,2022,FI,Gauche radicale,departement,70 - Haute-Saône,raw_2022
M. JADOT Yannick,21044,2.56,3.51,1,2022,EELV,Écologie,departement,83 - Var,raw_2022
Mme PÉCRESSE Valérie,20956,1.46,4.2,1,2022,LR,Droite,departement,ZZ - Français établis hors de France,raw_2022
M. MÉLENCHON Jean-Luc,20954,12.62,17.32,1,2022,FI,Gauche radicale,departement,36 - Indre,raw_2022
Mme ARTHAUD Nathalie,20943,0.49,0.69,1,2022,LO,Extrême gauche,region,Hauts-de-France,raw_2022
M. ZEMMOUR Éric,20930,4.84,6.56,1,2022,Rec,Extrême droite,departement,27 - Eure,raw_2022
M. MACRON Emmanuel,20800,16.24,21.51,1,2022,LREM,Centre,departement,04 - Alpes-de-Haute-Provence,raw_2022
M. JADOT Yannick,20710,2.82,3.91,1,2022,EELV,Écologie,departement,95 - Val-d'Oise,raw_2022
M. ZEMMOUR Éric,20686,5.13,6.91,1,2022,Rec,Extrême droite,departement,71 - Saône-et-Loire,raw_2022
M. ZEMMOUR Éric,20624,4.41,5.77,1,2022,Rec,Extrême droite,departement,63 - Puy-de-Dôme,raw_2022
M. DUPONT-AIGNAN Nicolas,20617,1.14,1.62,1,2022,DLF,Souverainiste,departement,59 - Nord,raw_2022
M. MACRON Emmanuel,20507,18.06,23.78,1,2022,LREM,Centre,departement,05 - Hautes-Alpes,raw_2022
Mme LE PEN Marine,20139,17.68,29.25,1,2022,RN,Extrême droite,departement,2A - Corse-du-Sud,raw_2022
M. DUPONT-AIGNAN Nicolas,20051,1.42,1.99,1,2022,DLF,Souverainiste,departement,13 - Bouches-du-Rhône,raw_2022
M. MACRON Emmanuel,20043,6.58,16.3,1,2022,LREM,Centre,departement,ZB - Martinique,raw_2022
M. JADOT Yannick,19967,3.84,4.97,1,2022,EELV,Écologie,departement,64 - Pyrénées-Atlantiques,raw_2022
M. ZEMMOUR Éric,19931,4.52,6.09,1,2022,Rec,Extrême droite,departement,37 - Indre-et-Loire,raw_2022
M. MÉLENCHON Jean-Luc,19930,12.93,17.72,1,2022,FI,Gauche radicale,departement,58 - Nièvre,raw_2022
M. POUTOU Philippe,19913,0.78,1.01,1,2022,NPA,Extrême gauche,region,Bretagne,raw_2022
M. ROUSSEL Fabien,19896,2.26,3.09,1,2022,PCF,Extrême gauche,departement,76 - Seine-Maritime,raw_2022
M. JADOT Yannick,19753,3.59,4.71,1,2022,EELV,Écologie,departement,85 - Vendée,raw_2022
M. MÉLENCHON Jean-Luc,19718,17.37,22.87,1,2022,FI,Gauche radicale,departement,05 - Hautes-Alpes,raw_2022
M. MÉLENCHON Jean-Luc,19698,8.11,13.37,1,2022,FI,Gauche radicale,region,Corse,raw_2022
Mme LE PEN Marine,19696,17.35,22.84,1,2022,RN,Extrême droite,departement,05 - Hautes-Alpes,raw_2022
Mme HIDALGO Anne,19658,2.11,2.69,1,2022,PS,Gauche,departement,31 - Haute-Garonne,raw_2022
M. JADOT Yannick,19621,3.83,5.08,1,2022,EELV,Écologie,departement,14 - Calvados,raw_2022
Mme HIDALGO Anne,19598,1.69,2.2,1,2022,PS,Gauche,departement,33 - Gironde,raw_2022
M. ZEMMOUR Éric,19501,5.12,7.11,1,2022,Rec,Extrême droite,departement,51 - Marne,raw_2022
M. ZEMMOUR Éric,19486,5.29,7.03,1,2022,Rec,Extrême droite,departement,25 - Doubs,raw_2022
M. JADOT Yannick,19352,2.44,3.56,1,2022,EELV,Écologie,departement,93 - Seine-Saint-Denis,raw_2022
M. JADOT Yannick,19349,4.1,5.28,1,2022,EELV,Écologie,departement,22 - Côtes-d'Armor,raw_2022
Mme PÉCRESSE Valérie,19316,3.72,4.9,1,2022,LR,Droite,departement,17 - Charente-Maritime,raw_2022
Mme PÉCRESSE Valérie,19300,2.59,3.68,1,2022,LR,Droite,departement,57 - Moselle,raw_2022
M. JADOT Yannick,19295,1.76,2.44,1,2022,EELV,Écologie,departement,62 - Pas-de-Calais,raw_2022
Mme LE PEN Marine,19061,20.34,27.37,1,2022,RN,Extrême droite,departement,90 - Territoire de Belfort,raw_2022
M. JADOT Yannick,19012,3.66,4.82,1,2022,EELV,Écologie,departement,17 - Charente-Maritime,raw_2022
M. JADOT Yannick,18963,3.57,4.92,1,2022,EELV,Écologie,departement,68 - Haut-Rhin,raw_2022
M. JADOT Yannick,18931,2.54,3.61,1,2022,EELV,Écologie,departement,57 - Moselle,raw_2022
M. ZEMMOUR Éric,18856,7.76,12.79,1,2022,Rec,Extrême droite,region,Corse,raw_2022
Mme ARTHAUD Nathalie,18655,0.48,0.67,1,2022,LO,Extrême gauche,region,Grand Est,raw_2022
Mme PÉCRESSE Valérie,18539,3.61,4.8,1,2022,LR,Droite,departement,42 - Loire,raw_2022
Mme ARTHAUD Nathalie,18494,0.41,0.54,1,2022,LO,Extrême gauche,region,Nouvelle-Aquitaine,raw_2022
M. POUTOU Philippe,18441,0.65,0.87,1,2022,NPA,Extrême gauche,region,Pays de la Loire,raw_2022
M. ZEMMOUR Éric,18434,6.59,8.68,1,2022,Rec,Extrême droite,departement,11 - Aude,raw_2022
Mme PÉCRESSE Valérie,18383,3.59,4.76,1,2022,LR,Droite,departement,14 - Calvados,raw_2022
Mme HIDALGO Anne,18369,1.74,2.29,1,2022,PS,Gauche,departement,44 - Loire-Atlantique,raw_2022
M. ROUSSEL Fabien,18322,1.73,2.28,1,2022,PCF,Extrême gauche,departement,44 - Loire-Atlantique,raw_2022
M. LASSALLE Jean,18320,2.58,3.37,1,2022,Rés,Divers,departement,29 - Finistère,raw_2022
M. LASSALLE Jean,18298,1.73,2.28,1,2022,Rés,Divers,departement,44 - Loire-Atlantique,raw_2022
M. ZEMMOUR Éric,18266,4.89,6.87,1,2022,Rec,Extrême droite,departement,02 - Aisne,raw_2022
Mme HIDALGO Anne,18215,1.0,1.43,1,2022,PS,Gauche,departement,59 - Nord,raw_2022
M. MÉLENCHON Jean-Luc,18143,17.62,50.59,1,2022,FI,Gauche radicale,departement,ZC - Guyane,raw_2022
M. MACRON Emmanuel,18137,5.74,13.43,1,2022,LREM,Centre,departement,ZA - Guadeloupe,raw_2022
Mme PÉCRESSE Valérie,18086,3.95,5.39,1,2022,LR,Droite,departement,45 - Loiret,raw_2022
M. MACRON Emmanuel,18071,15.18,19.71,1,2022,LREM,Centre,departement,09 - Ariège,raw_2022
M. ZEMMOUR Éric,18045,5.63,7.32,1,2022,Rec,Extrême droite,departement,73 - Savoie,raw_2022
M. LASSALLE Jean,17784,2.17,2.97,1,2022,Rés,Divers,departement,83 - Var,raw_2022
Mme PÉCRESSE Valérie,17572,4.01,5.28,1,2022,LR,Droite,departement,01 - Ain,raw_2022
M. LASSALLE Jean,17572,1.49,1.93,1,2022,Rés,Divers,departement,69 - Rhône,raw_2022
Mme PÉCRESSE Valérie,17481,2.2,3.22,1,2022,LR,Droite,departement,93 - Seine-Saint-Denis,raw_2022
Mme PÉCRESSE Valérie,17450,3.09,4.24,1,2022,LR,Droite,departement,60 - Oise,raw_2022
Mme PÉCRESSE Valérie,17352,3.71,4.85,1,2022,LR,Droite,departement,63 - Puy-de-Dôme,raw_2022
M. ZEMMOUR Éric,17319,3.67,4.73,1,2022,Rec,Extrême droite,departement,22 - Côtes-d'Armor,raw_2022
M. ROUSSEL Fabien,17267,1.26,1.64,1,2022,PCF,Extrême gauche,departement,75 - Paris,raw_2022
Mme PÉCRESSE Valérie,17235,3.65,4.7,1,2022,LR,Droite,departement,22 - Côtes-d'Armor,raw_2022
Mme PÉCRESSE Valérie,17166,3.3,4.28,1,2022,LR,Droite,departement,64 - Pyrénées-Atlantiques,raw_2022
M. JADOT Yannick,17029,3.64,4.76,1,2022,EELV,Écologie,departement,63 - Puy-de-Dôme,raw_2022
M. LASSALLE Jean,17025,1.92,2.53,1,2022,Rés,Divers,departement,38 - Isère,raw_2022
M. LASSALLE Jean,17010,1.56,2.15,1,2022,Rés,Divers,departement,62 - Pas-de-Calais,raw_2022
M. LASSALLE Jean,17010,5.7,7.4,1,2022,Rés,Divers,departement,81 - Tarn,raw_2022
M. DUPONT-AIGNAN Nicolas,17009,2.18,2.95,1,2022,DLF,Souverainiste,departement,67 - Bas-Rhin,raw_2022
M. ZEMMOUR Éric,16885,4.12,5.65,1,2022,Rec,Extrême droite,departement,80 - Somme,raw_2022
M. ZEMMOUR Éric,16817,5.11,6.52,1,2022,Rec,Extrême droite,departement,40 - Landes,raw_2022
Mme LE PEN Marine,16772,18.44,25.09,1,2022,RN,Extrême droite,departement,23 - Creuse,raw_2022
M. MACRON Emmanuel,16768,17.89,24.07,1,2022,LREM,Centre,departement,90 - Territoire de Belfort,raw_2022
M. JADOT Yannick,16656,3.24,4.32,1,2022,EELV,Écologie,departement,42 - Loire,raw_2022
Mme LE PEN Marine,16495,5.42,13.42,1,2022,RN,Extrême droite,departement,ZB - Martinique,raw_2022
M. DUPONT-AIGNAN Nicolas,16487,1.4,1.81,1,2022,DLF,Souverainiste,departement,69 - Rhône,raw_2022
M. ROUSSEL Fabien,16307,1.75,2.23,1,2022,PCF,Extrême gauche,departement,31 - Haute-Garonne,raw_2022
Mme PÉCRESSE Valérie,16279,3.7,4.97,1,2022,LR,Droite,departement,37 - Indre-et-Loire,raw_2022
M. JADOT Yannick,16245,3.69,4.96,1,2022,EELV,Écologie,departement,37 - Indre-et-Loire,raw_2022
M. POUTOU Philippe,16219,0.44,0.61,1,2022,NPA,Extrême gauche,region,Provence-Alpes-Cote d'Azur,raw_2022
M. ZEMMOUR Éric,16218,3.94,5.46,1,2022,Rec,Extrême droite,departement,72 - Sarthe,raw_2022
M. LASSALLE Jean,16136,3.45,4.51,1,2022,Rés,Divers,departement,63 - Puy-de-Dôme,raw_2022
M. POUTOU Philippe,16005,0.66,0.9,1,2022,NPA,Extrême gauche,region,Normandie,raw_2022
Mme PÉCRESSE Valérie,15994,3.01,4.15,1,2022,LR,Droite,departement,68 - Haut-Rhin,raw_2022
M. ZEMMOUR Éric,15982,5.36,6.95,1,2022,Rec,Extrême droite,departement,81 - Tarn,raw_2022
M. ROUSSEL Fabien,15938,1.35,1.75,1,2022,PCF,Extrême gauche,departement,69 - Rhône,raw_2022
Mme PÉCRESSE Valérie,15937,3.87,5.36,1,2022,LR,Droite,departement,72 - Sarthe,raw_2022
M. LASSALLE Jean,15913,0.47,1.2,1,2022,Rés,Divers,region,Inconnu,raw_2022
Mme HIDALGO Anne,15895,1.35,1.75,1,2022,PS,Gauche,departement,69 - Rhône,raw_2022
M. LASSALLE Jean,15850,4.98,6.43,1,2022,Rés,Divers,departement,24 - Dordogne,raw_2022
M. JADOT Yannick,15843,3.62,4.76,1,2022,EELV,Écologie,departement,01 - Ain,raw_2022
M. ZEMMOUR Éric,15800,4.97,6.41,1,2022,Rec,Extrême droite,departement,24 - Dordogne,raw_2022
M. DUPONT-AIGNAN Nicolas,15693,1.35,1.76,1,2022,DLF,Souverainiste,departement,33 - Gironde,raw_2022
M. ZEMMOUR Éric,15646,6.48,8.5,1,2022,Rec,Extrême droite,departement,47 - Lot-et-Garonne,raw_2022
M. JADOT Yannick,15642,4.88,6.35,1,2022,EELV,Écologie,departement,73 - Savoie,raw_2022
M. MACRON Emmanuel,15542,17.09,23.25,1,2022,LREM,Centre,departement,23 - Creuse,raw_2022
Mme PÉCRESSE Valérie,15460,2.79,3.73,1,2022,LR,Droite,departement,30 - Gard,raw_2022
M. ROUSSEL Fabien,15340,2.16,2.83,1,2022,PCF,Extrême gauche,departement,29 - Finistère,raw_2022
M. LASSALLE Jean,15330,6.31,10.4,1,2022,Rés,Divers,region,Corse,raw_2022
M. DUPONT-AIGNAN Nicolas,15286,1.86,2.55,1,2022,DLF,Souverainiste,departement,83 - Var,raw_2022
Mme PÉCRESSE Valérie,15210,3.77,5.08,1,2022,LR,Droite,departement,71 - Saône-et-Loire,raw_2022
M. DUPONT-AIGNAN Nicolas,15203,1.9,2.56,1,2022,DLF,Souverainiste,departement,91 - Essonne,raw_2022
M. LASSALLE Jean,15162,2.73,3.66,1,2022,Rés,Divers,departement,30 - Gard,raw_2022
Mme PÉCRESSE Valérie,15107,4.1,5.45,1,2022,LR,Droite,departement,25 - Doubs,raw_2022
M. DUPONT-AIGNAN Nicolas,15042,1.67,2.28,1,2022,DLF,Souverainiste,departement,77 - Seine-et-Marne,raw_2022
M. JADOT Yannick,14974,2.7,3.62,1,2022,EELV,Écologie,departement,30 - Gard,raw_2022
Mme LE PEN Marine,14958,16.23,42.68,1,2022,RN,Extrême droite,departement,ZM - Mayotte,raw_2022
M. ROUSSEL Fabien,14954,1.88,2.54,1,2022,PCF,Extrême gauche,departement,94 - Val-de-Marne,raw_2022
Mme ARTHAUD Nathalie,14875,0.34,0.45,1,2022,LO,Extrême gauche,region,Occitanie,raw_2022
M. LASSALLE Jean,14825,6.75,8.67,1,2022,Rés,Divers,departement,12 - Aveyron,raw_2022
M. ZEMMOUR Éric,14803,4.87,6.73,1,2022,Rec,Extrême droite,departement,28 - Eure-et-Loir,raw_2022
M. DUPONT-AIGNAN Nicolas,14779,1.4,1.84,1,2022,DLF,Souverainiste,departement,44 - Loire-Atlantique,raw_2022
M. LASSALLE Jean,14761,8.32,10.94,1,2022,Rés,Divers,departement,65 - Hautes-Pyrénées,raw_2022
Mme PÉCRESSE Valérie,14746,3.83,5.18,1,2022,LR,Droite,departement,50 - Manche,raw_2022
M. ROUSSEL Fabien,14694,1.66,2.19,1,2022,PCF,Extrême gauche,departement,38 - Isère,raw_2022
M. LASSALLE Jean,14652,1.88,2.54,1,2022,Rés,Divers,departement,67 - Bas-Rhin,raw_2022
M. MÉLENCHON Jean-Luc,14601,15.58,20.96,1,2022,FI,Gauche radicale,departement,90 - Territoire de Belfort,raw_2022
M. JADOT Yannick,14588,2.96,4.12,1,2022,EELV,Écologie,departement,54 - Meurthe-et-Moselle,raw_2022
M. JADOT Yannick,14401,3.15,4.29,1,2022,EELV,Écologie,departement,45 - Loiret,raw_2022
M. LASSALLE Jean,14399,2.36,3.08,1,2022,Rés,Divers,departement,56 - Morbihan,raw_2022
Mme PÉCRESSE Valérie,14357,3.77,5.24,1,2022,LR,Droite,departement,51 - Marne,raw_2022
Mme PÉCRESSE Valérie,14344,3.91,5.07,1,2022,LR,Droite,departement,21 - Côte-d'Or,raw_2022
M. LASSALLE Jean,14335,2.76,3.64,1,2022,Rés,Divers,departement,17 - Charente-Maritime,raw_2022
M. DUPONT-AIGNAN Nicolas,14327,1.62,2.13,1,2022,DLF,Souverainiste,departement,38 - Isère,raw_2022
M. JADOT Yannick,14234,3.72,4.88,1,2022,EELV,Écologie,departement,26 - Drôme,raw_2022
M. ZEMMOUR Éric,14199,5.55,7.21,1,2022,Rec,Extrême droite,departement,07 - Ardèche,raw_2022
M. DUPONT-AIGNAN Nicolas,14175,2.51,3.32,1,2022,DLF,Souverainiste,departement,74 - Haute-Savoie,raw_2022
M. ROUSSEL Fabien,14165,1.67,2.22,1,2022,PCF,Extrême gauche,departement,34 - Hérault,raw_2022
M. LASSALLE Jean,14163,1.9,2.7,1,2022,Rés,Divers,departement,57 - Moselle,raw_2022
M. ZEMMOUR Éric,13990,3.64,4.92,1,2022,Rec,Extrême droite,departement,50 - Manche,raw_2022
M. LASSALLE Jean,13985,1.81,2.34,1,2022,Rés,Divers,departement,35 - Ille-et-Vilaine,raw_2022
Mme HIDALGO Anne,13973,1.81,2.34,1,2022,PS,Gauche,departement,35 - Ille-et-Vilaine,raw_2022
M. DUPONT-AIGNAN Nicolas,13970,1.28,1.77,1,2022,DLF,Souverainiste,departement,62 - Pas-de-Calais,raw_2022
Mme ARTHAUD Nathalie,13853,0.49,0.65,1,2022,LO,Extrême gauche,region,Pays de la Loire,raw_2022
M. LASSALLE Jean,13797,1.53,2.09,1,2022,Rés,Divers,departement,77 - Seine-et-Marne,raw_2022
M. JADOT Yannick,13785,2.44,3.35,1,2022,EELV,Écologie,departement,60 - Oise,raw_2022
M. MACRON Emmanuel,13773,10.67,17.54,1,2022,LREM,Centre,departement,2B - Haute-Corse,raw_2022
M. DUPONT-AIGNAN Nicolas,13745,2.58,3.57,1,2022,DLF,Souverainiste,departement,68 - Haut-Rhin,raw_2022
M. LASSALLE Jean,13687,1.42,1.86,1,2022,Rés,Divers,departement,78 - Yvelines,raw_2022
M. MÉLENCHON Jean-Luc,13679,15.04,20.46,1,2022,FI,Gauche radicale,departement,23 - Creuse,raw_2022
Mme PÉCRESSE Valérie,13608,4.24,5.52,1,2022,LR,Droite,departement,73 - Savoie,raw_2022
M. LASSALLE Jean,13600,5.64,7.39,1,2022,Rés,Divers,departement,47 - Lot-et-Garonne,raw_2022
M. LASSALLE Jean,13588,1.55,2.11,1,2022,Rés,Divers,departement,76 - Seine-Maritime,raw_2022
M. MÉLENCHON Jean-Luc,13559,10.06,13.76,1,2022,FI,Gauche radicale,departement,55 - Meuse,raw_2022
Mme PÉCRESSE Valérie,13552,3.14,4.25,1,2022,LR,Droite,departement,27 - Eure,raw_2022
M. JADOT Yannick,13541,3.29,4.56,1,2022,EELV,Écologie,departement,72 - Sarthe,raw_2022
M. ROUSSEL Fabien,13480,1.69,2.27,1,2022,PCF,Extrême gauche,departement,91 - Essonne,raw_2022
M. JADOT Yannick,13462,3.67,4.76,1,2022,EELV,Écologie,departement,21 - Côte-d'Or,raw_2022
Mme PÉCRESSE Valérie,13387,2.72,3.78,1,2022,LR,Droite,departement,54 - Meurthe-et-Moselle,raw_2022
M. LASSALLE Jean,13371,2.36,3.13,1,2022,Rés,Divers,departement,74 - Haute-Savoie,raw_2022
M. DUPONT-AIGNAN Nicolas,13307,1.71,2.38,1,2022,DLF,Souverainiste,departement,06 - Alpes-Maritimes,raw_2022
Mme LE PEN Marine,13273,6.07,18.83,1,2022,RN,Extrême droite,departement,ZN - Nouvelle-Calédonie,raw_2022
M. MÉLENCHON Jean-Luc,13228,10.22,14.1,1,2022,FI,Gauche radicale,departement,52 - Haute-Marne,raw_2022
Mme PÉCRESSE Valérie,13204,3.45,4.53,1,2022,LR,Droite,departement,26 - Drôme,raw_2022
M. ZEMMOUR Éric,13184,4.74,6.47,1,2022,Rec,Extrême droite,departement,88 - Vosges,raw_2022
M. ROUSSEL Fabien,13170,1.32,1.7,1,2022,PCF,Extrême gauche,departement,92 - Hauts-de-Seine,raw_2022
M. DUPONT-AIGNAN Nicolas,13097,1.36,1.78,1,2022,DLF,Souverainiste,departement,78 - Yvelines,raw_2022
M. JADOT Yannick,13096,3.56,4.73,1,2022,EELV,Écologie,departement,25 - Doubs,raw_2022
Mme HIDALGO Anne,13077,1.84,2.41,1,2022,PS,Gauche,departement,29 - Finistère,raw_2022
M. ZEMMOUR Éric,13070,1.93,3.77,1,2022,Rec,Extrême droite,departement,ZD - La Réunion,raw_2022
M. LASSALLE Jean,13039,2.37,3.11,1,2022,Rés,Divers,departement,85 - Vendée,raw_2022
Mme PÉCRESSE Valérie,13003,4.28,5.91,1,2022,LR,Droite,departement,28 - Eure-et-Loir,raw_2022
Mme ARTHAUD Nathalie,12965,0.51,0.66,1,2022,LO,Extrême gauche,region,Bretagne,raw_2022
M. MÉLENCHON Jean-Luc,12944,11.18,14.69,1,2022,FI,Gauche radicale,departement,15 - Cantal,raw_2022
M. ZEMMOUR Éric,12941,5.44,7.33,1,2022,Rec,Extrême droite,departement,89 - Yonne,raw_2022
M. MACRON Emmanuel,12932,11.35,18.78,1,2022,LREM,Centre,departement,2A - Corse-du-Sud,raw_2022
M. ROUSSEL Fabien,12843,1.43,1.94,1,2022,PCF,Extrême gauche,departement,77 - Seine-et-Marne,raw_2022
Mme ARTHAUD Nathalie,12839,0.53,0.72,1,2022,LO,Extrême gauche,region,Normandie,raw_2022
M. LASSALLE Jean,12767,1.64,2.28,1,2022,Rés,Divers,departement,06 - Alpes-Maritimes,raw_2022
M. POUTOU Philippe,12738,0.64,0.85,1,2022,NPA,Extrême gauche,region,Bourgogne-Franche-Comte,raw_2022
Mme HIDALGO Anne,12736,1.44,1.89,1,2022,PS,Gauche,departement,38 - Isère,raw_2022
M. ROUSSEL Fabien,12713,2.72,3.56,1,2022,PCF,Extrême gauche,departement,63 - Puy-de-Dôme,raw_2022
M. ZEMMOUR Éric,12703,5.19,7.03,1,2022,Rec,Extrême droite,departement,41 - Loir-et-Cher,raw_2022
M. ROUSSEL Fabien,12696,1.65,2.13,1,2022,PCF,Extrême gauche,departement,35 - Ille-et-Vilaine,raw_2022
M. DUPONT-AIGNAN Nicolas,12651,1.7,2.41,1,2022,DLF,Souverainiste,departement,57 - Moselle,raw_2022
Mme HIDALGO Anne,12489,0.87,2.5,1,2022,PS,Gauche,departement,ZZ - Français établis hors de France,raw_2022
M. DUPONT-AIGNAN Nicolas,12443,1.34,1.7,1,2022,DLF,Souverainiste,departement,31 - Haute-Garonne,raw_2022
M. LASSALLE Jean,12382,4.42,5.83,1,2022,Rés,Divers,departement,11 - Aude,raw_2022
M. DUPONT-AIGNAN Nicolas,12365,1.41,1.92,1,2022,DLF,Souverainiste,departement,76 - Seine-Maritime,raw_2022
M. ZEMMOUR Éric,12361,4.94,6.65,1,2022,Rec,Extrême droite,departement,03 - Allier,raw_2022
Mme PÉCRESSE Valérie,12278,6.64,8.61,1,2022,LR,Droite,departement,19 - Corrèze,raw_2022
Mme HIDALGO Anne,12150,1.43,1.9,1,2022,PS,Gauche,departement,34 - Hérault,raw_2022
M. LASSALLE Jean,12139,0.89,1.15,1,2022,Rés,Divers,departement,75 - Paris,raw_2022
M. JADOT Yannick,12128,2.95,3.99,1,2022,EELV,Écologie,departement,84 - Vaucluse,raw_2022
M. ROUSSEL Fabien,12123,2.18,2.93,1,2022,PCF,Extrême gauche,departement,30 - Gard,raw_2022
M. LASSALLE Jean,11949,2.53,3.26,1,2022,Rés,Divers,departement,22 - Côtes-d'Armor,raw_2022
M. ZEMMOUR Éric,11939,3.9,5.15,1,2022,Rec,Extrême droite,departement,86 - Vienne,raw_2022
M. LASSALLE Jean,11928,2.32,3.09,1,2022,Rés,Divers,departement,42 - Loire,raw_2022
Mme PÉCRESSE Valérie,11918,2.9,3.92,1,2022,LR,Droite,departement,84 - Vaucluse,raw_2022
M. JADOT Yannick,11873,3.09,4.17,1,2022,EELV,Écologie,departement,50 - Manche,raw_2022
M. ZEMMOUR Éric,11772,6.24,8.07,1,2022,Rec,Extrême droite,departement,82 - Tarn-et-Garonne,raw_2022
Mme HIDALGO Anne,11760,0.83,1.17,1,2022,PS,Gauche,departement,13 - Bouches-du-Rhône,raw_2022
M. ROUSSEL Fabien,11721,1.22,1.59,1,2022,PCF,Extrême gauche,departement,78 - Yvelines,raw_2022
M. LASSALLE Jean,11720,7.96,10.07,1,2022,Rés,Divers,departement,32 - Gers,raw_2022
Mme LE PEN Marine,11705,5.69,19.5,1,2022,RN,Extrême droite,departement,ZP - Polynésie française,raw_2022
M. LASSALLE Jean,11690,3.23,4.35,1,2022,Rés,Divers,departement,66 - Pyrénées-Orientales,raw_2022
M. ROUSSEL Fabien,11642,1.47,2.14,1,2022,PCF,Extrême gauche,departement,93 - Seine-Saint-Denis,raw_2022
M. ROUSSEL Fabien,11628,2.46,3.17,1,2022,PCF,Extrême gauche,departement,22 - Côtes-d'Armor,raw_2022
Mme HIDALGO Anne,11619,1.06,1.47,1,2022,PS,Gauche,departement,62 - Pas-de-Calais,raw_2022
M. LASSALLE Jean,11610,1.45,1.95,1,2022,Rés,Divers,departement,91 - Essonne,raw_2022
M. ROUSSEL Fabien,11529,1.89,2.47,1,2022,PCF,Extrême gauche,departement,56 - Morbihan,raw_2022
M. JADOT Yannick,11477,2.66,3.6,1,2022,EELV,Écologie,departement,27 - Eure,raw_2022
M. DUPONT-AIGNAN Nicolas,11475,1.35,1.8,1,2022,DLF,Souverainiste,departement,34 - Hérault,raw_2022
Mme PÉCRESSE Valérie,11380,2.78,3.81,1,2022,LR,Droite,departement,80 - Somme,raw_2022
M. ZEMMOUR Éric,11374,5.53,7.6,1,2022,Rec,Extrême droite,departement,10 - Aube,raw_2022
Mme PÉCRESSE Valérie,11280,3.55,4.58,1,2022,LR,Droite,departement,24 - Dordogne,raw_2022
M. LASSALLE Jean,11260,1.13,1.45,1,2022,Rés,Divers,departement,92 - Hauts-de-Seine,raw_2022
M. POUTOU Philippe,11226,0.61,0.83,1,2022,NPA,Extrême gauche,region,Centre-Val de Loire,raw_2022
Mme HIDALGO Anne,11139,1.27,1.73,1,2022,PS,Gauche,departement,76 - Seine-Maritime,raw_2022
M. LASSALLE Jean,11063,2.08,2.87,1,2022,Rés,Divers,departement,68 - Haut-Rhin,raw_2022
M. LASSALLE Jean,11036,1.87,2.5,1,2022,Rés,Divers,departement,49 - Maine-et-Loire,raw_2022
Mme PÉCRESSE Valérie,10920,2.92,4.11,1,2022,LR,Droite,departement,02 - Aisne,raw_2022
M. LASSALLE Jean,10876,2.48,3.27,1,2022,Rés,Divers,departement,01 - Ain,raw_2022
M. ZEMMOUR Éric,10822,4.82,6.74,1,2022,Rec,Extrême droite,departement,18 - Cher,raw_2022
M. ZEMMOUR Éric,10796,4.09,5.34,1,2022,Rec,Extrême droite,departement,87 - Haute-Vienne,raw_2022
M. MACRON Emmanuel,10739,17.95,22.85,1,2022,LREM,Centre,departement,48 - Lozère,raw_2022
M. JADOT Yannick,10730,2.66,3.59,1,2022,EELV,Écologie,departement,71 - Saône-et-Loire,raw_2022
M. JADOT Yannick,10727,3.51,4.63,1,2022,EELV,Écologie,departement,86 - Vienne,raw_2022
M. ROUSSEL Fabien,10672,1.3,1.78,1,2022,PCF,Extrême gauche,departement,83 - Var,raw_2022
Mme ARTHAUD Nathalie,10643,0.53,0.71,1,2022,LO,Extrême gauche,region,Bourgogne-Franche-Comte,raw_2022
M. ZEMMOUR Éric,10617,4.12,5.51,1,2022,Rec,Extrême droite,departement,16 - Charente,raw_2022
M. DUPONT-AIGNAN Nicolas,10560,1.37,1.77,1,2022,DLF,Souverainiste,departement,35 - Ille-et-Vilaine,raw_2022
Mme HIDALGO Anne,10518,1.05,1.36,1,2022,PS,Gauche,departement,92 - Hauts-de-Seine,raw_2022
Mme LE PEN Marine,10497,17.55,22.34,1,2022,RN,Extrême droite,departement,48 - Lozère,raw_2022
Mme PÉCRESSE Valérie,10393,3.16,4.03,1,2022,LR,Droite,departement,40 - Landes,raw_2022
M. MÉLENCHON Jean-Luc,10368,8.03,13.21,1,2022,FI,Gauche radicale,departement,2B - Haute-Corse,raw_2022
Mme PÉCRESSE Valérie,10319,4.13,5.55,1,2022,LR,Droite,departement,03 - Allier,raw_2022
M. LASSALLE Jean,10186,2.53,3.4,1,2022,Rés,Divers,departement,71 - Saône-et-Loire,raw_2022
M. LASSALLE Jean,10177,5.5,7.14,1,2022,Rés,Divers,departement,19 - Corrèze,raw_2022
M. ROUSSEL Fabien,10170,1.96,2.53,1,2022,PCF,Extrême gauche,departement,64 - Pyrénées-Atlantiques,raw_2022
M. ZEMMOUR Éric,10112,4.61,5.92,1,2022,Rec,Extrême droite,departement,12 - Aveyron,raw_2022
M. JADOT Yannick,10074,3.69,4.85,1,2022,EELV,Écologie,departement,79 - Deux-Sèvres,raw_2022
M. ROUSSEL Fabien,10060,1.37,1.9,1,2022,PCF,Extrême gauche,departement,95 - Val-d'Oise,raw_2022
Mme PÉCRESSE Valérie,10014,3.36,4.36,1,2022,LR,Droite,departement,81 - Tarn,raw_2022
M. ROUSSEL Fabien,10002,1.93,2.54,1,2022,PCF,Extrême gauche,departement,17 - Charente-Maritime,raw_2022
Mme PÉCRESSE Valérie,9988,4.55,5.84,1,2022,LR,Droite,departement,12 - Aveyron,raw_2022
M. LASSALLE Jean,9973,3.78,4.93,1,2022,Rés,Divers,departement,87 - Haute-Vienne,raw_2022
Mme PÉCRESSE Valérie,9959,3.25,4.3,1,2022,LR,Droite,departement,86 - Vienne,raw_2022
M. LASSALLE Jean,9945,2.6,3.41,1,2022,Rés,Divers,departement,26 - Drôme,raw_2022
M. LASSALLE Jean,9843,2.39,3.24,1,2022,Rés,Divers,departement,84 - Vaucluse,raw_2022
M. LASSALLE Jean,9816,1.92,2.54,1,2022,Rés,Divers,departement,14 - Calvados,raw_2022
M. DUPONT-AIGNAN Nicolas,9743,0.98,1.26,1,2022,DLF,Souverainiste,departement,92 - Hauts-de-Seine,raw_2022
Mme PÉCRESSE Valérie,9738,1.44,2.81,1,2022,LR,Droite,departement,ZD - La Réunion,raw_2022
M. MÉLENCHON Jean-Luc,9711,4.44,13.77,1,2022,FI,Gauche radicale,departement,ZN - Nouvelle-Calédonie,raw_2022
M. ZEMMOUR Éric,9675,5.44,7.18,1,2022,Rec,Extrême droite,departement,70 - Haute-Saône,raw_2022
M. DUPONT-AIGNAN Nicolas,9664,1.75,2.3,1,2022,DLF,Souverainiste,departement,85 - Vendée,raw_2022
M. ZEMMOUR Éric,9657,7.48,12.3,1,2022,Rec,Extrême droite,departement,2B - Haute-Corse,raw_2022
M. ZEMMOUR Éric,9657,5.07,6.65,1,2022,Rec,Extrême droite,departement,39 - Jura,raw_2022
Mme ARTHAUD Nathalie,9630,0.28,0.73,1,2022,LO,Extrême gauche,region,Inconnu,raw_2022
M. DUPONT-AIGNAN Nicolas,9591,0.7,0.91,1,2022,DLF,Souverainiste,departement,75 - Paris,raw_2022
Mme PÉCRESSE Valérie,9586,3.92,5.3,1,2022,LR,Droite,departement,41 - Loir-et-Cher,raw_2022
M. DUPONT-AIGNAN Nicolas,9586,1.57,2.05,1,2022,DLF,Souverainiste,departement,56 - Morbihan,raw_2022
M. LASSALLE Jean,9573,5.07,6.56,1,2022,Rés,Divers,departement,82 - Tarn-et-Garonne,raw_2022
M. JADOT Yannick,9561,2.51,3.49,1,2022,EELV,Écologie,departement,51 - Marne,raw_2022
Mme PÉCRESSE Valérie,9560,5.29,6.85,1,2022,LR,Droite,departement,43 - Haute-Loire,raw_2022
Mme PÉCRESSE Valérie,9553,3.73,4.85,1,2022,LR,Droite,departement,07 - Ardèche,raw_2022
Mme PÉCRESSE Valérie,9544,3.62,4.72,1,2022,LR,Droite,departement,87 - Haute-Vienne,raw_2022
M. ZEMMOUR Éric,9529,5.27,6.82,1,2022,Rec,Extrême droite,departement,43 - Haute-Loire,raw_2022
M. POUTOU Philippe,9502,0.28,0.72,1,2022,NPA,Extrême gauche,region,Inconnu,raw_2022
Mme ARTHAUD Nathalie,9457,0.26,0.36,1,2022,LO,Extrême gauche,region,Provence-Alpes-Cote d'Azur,raw_2022
M. LASSALLE Jean,9421,2.45,3.31,1,2022,Rés,Divers,departement,50 - Manche,raw_2022
M. DUPONT-AIGNAN Nicolas,9420,1.6,2.13,1,2022,DLF,Souverainiste,departement,49 - Maine-et-Loire,raw_2022
M. DUPONT-AIGNAN Nicolas,9393,1.67,2.28,1,2022,DLF,Souverainiste,departement,60 - Oise,raw_2022
M. DUPONT-AIGNAN Nicolas,9359,1.18,1.59,1,2022,DLF,Souverainiste,departement,94 - Val-de-Marne,raw_2022
Mme PÉCRESSE Valérie,9344,3.36,4.59,1,2022,LR,Droite,departement,88 - Vosges,raw_2022
M. MÉLENCHON Jean-Luc,9330,8.19,13.55,1,2022,FI,Gauche radicale,departement,2A - Corse-du-Sud,raw_2022
Mme PÉCRESSE Valérie,9327,3.84,6.33,1,2022,LR,Droite,region,Corse,raw_2022
Mme PÉCRESSE Valérie,9322,3.92,5.28,1,2022,LR,Droite,departement,89 - Yonne,raw_2022
M. DUPONT-AIGNAN Nicolas,9289,1.79,2.36,1,2022,DLF,Souverainiste,departement,17 - Charente-Maritime,raw_2022
Mme HIDALGO Anne,9276,1.78,2.31,1,2022,PS,Gauche,departement,64 - Pyrénées-Atlantiques,raw_2022
Mme PÉCRESSE Valérie,9257,3.39,4.45,1,2022,LR,Droite,departement,79 - Deux-Sèvres,raw_2022
Mme ARTHAUD Nathalie,9256,0.5,0.69,1,2022,LO,Extrême gauche,region,Centre-Val de Loire,raw_2022
Mme PÉCRESSE Valérie,9236,4.11,5.53,1,2022,LR,Droite,departement,53 - Mayenne,raw_2022
M. ZEMMOUR Éric,9199,8.08,13.36,1,2022,Rec,Extrême droite,departement,2A - Corse-du-Sud,raw_2022
M. LASSALLE Jean,9179,1.63,2.23,1,2022,Rés,Divers,departement,60 - Oise,raw_2022
M. MÉLENCHON Jean-Luc,9153,15.3,19.48,1,2022,FI,Gauche radicale,departement,48 - Lozère,raw_2022
M. LASSALLE Jean,9101,1.24,1.72,1,2022,Rés,Divers,departement,95 - Val-d'Oise,raw_2022
M. ROUSSEL Fabien,9075,0.27,0.69,1,2022,PCF,Extrême gauche,region,Inconnu,raw_2022
Mme HIDALGO Anne,9071,2.75,3.52,1,2022,PS,Gauche,departement,40 - Landes,raw_2022
M. ROUSSEL Fabien,9054,1.6,2.2,1,2022,PCF,Extrême gauche,departement,60 - Oise,raw_2022
Mme HIDALGO Anne,9046,0.94,1.23,1,2022,PS,Gauche,departement,78 - Yvelines,raw_2022
M. LASSALLE Jean,9033,3.53,4.59,1,2022,Rés,Divers,departement,07 - Ardèche,raw_2022
M. DUPONT-AIGNAN Nicolas,9029,1.76,2.34,1,2022,DLF,Souverainiste,departement,42 - Loire,raw_2022
M. ROUSSEL Fabien,9017,1.75,2.34,1,2022,PCF,Extrême gauche,departement,42 - Loire,raw_2022
M. DUPONT-AIGNAN Nicolas,8998,2.05,2.7,1,2022,DLF,Souverainiste,departement,01 - Ain,raw_2022
M. DUPONT-AIGNAN Nicolas,8996,1.23,1.7,1,2022,DLF,Souverainiste,departement,95 - Val-d'Oise,raw_2022
M. LASSALLE Jean,8944,1.12,1.52,1,2022,Rés,Divers,departement,94 - Val-de-Marne,raw_2022
Mme PÉCRESSE Valérie,8923,4.34,5.96,1,2022,LR,Droite,departement,10 - Aube,raw_2022
M. ZEMMOUR Éric,8910,4.33,5.9,1,2022,Rec,Extrême droite,departement,61 - Orne,raw_2022
M. ROUSSEL Fabien,8858,1.14,1.59,1,2022,PCF,Extrême gauche,departement,06 - Alpes-Maritimes,raw_2022
M. ROUSSEL Fabien,8855,2.78,3.59,1,2022,PCF,Extrême gauche,departement,24 - Dordogne,raw_2022
Mme PÉCRESSE Valérie,8838,4.3,5.85,1,2022,LR,Droite,departement,61 - Orne,raw_2022
Mme PÉCRESSE Valérie,8815,2.43,3.28,1,2022,LR,Droite,departement,66 - Pyrénées-Orientales,raw_2022
M. ZEMMOUR Éric,8803,3.22,4.24,1,2022,Rec,Extrême droite,departement,79 - Deux-Sèvres,raw_2022
Mme HIDALGO Anne,8801,1.49,1.99,1,2022,PS,Gauche,departement,49 - Maine-et-Loire,raw_2022
M. ROUSSEL Fabien,8777,1.71,2.27,1,2022,PCF,Extrême gauche,departement,14 - Calvados,raw_2022
M. ZEMMOUR Éric,8771,4.71,6.55,1,2022,Rec,Extrême droite,departement,08 - Ardennes,raw_2022
M. ROUSSEL Fabien,8750,1.17,1.67,1,2022,PCF,Extrême gauche,departement,57 - Moselle,raw_2022
M. LASSALLE Jean,8739,1.78,2.47,1,2022,Rés,Divers,departement,54 - Meurthe-et-Moselle,raw_2022
M. POUTOU Philippe,8734,0.75,0.98,1,2022,NPA,Extrême gauche,departement,33 - Gironde,raw_2022
M. ZEMMOUR Éric,8714,4.91,6.46,1,2022,Rec,Extrême droite,departement,65 - Hautes-Pyrénées,raw_2022
M. LASSALLE Jean,8688,2.36,3.14,1,2022,Rés,Divers,departement,25 - Doubs,raw_2022
M. JADOT Yannick,8680,2.91,3.78,1,2022,EELV,Écologie,departement,81 - Tarn,raw_2022
M. JADOT Yannick,8628,2.62,3.34,1,2022,EELV,Écologie,departement,40 - Landes,raw_2022
M. LASSALLE Jean,8601,6.66,10.96,1,2022,Rés,Divers,departement,2B - Haute-Corse,raw_2022
M. JADOT Yannick,8588,2.37,3.2,1,2022,EELV,Écologie,departement,66 - Pyrénées-Orientales,raw_2022
M. DUPONT-AIGNAN Nicolas,8566,1.21,1.58,1,2022,DLF,Souverainiste,departement,29 - Finistère,raw_2022
M. JADOT Yannick,8563,2.69,3.47,1,2022,EELV,Écologie,departement,24 - Dordogne,raw_2022
M. JADOT Yannick,8544,3.34,4.34,1,2022,EELV,Écologie,departement,07 - Ardèche,raw_2022
M. LASSALLE Jean,8520,1.93,2.6,1,2022,Rés,Divers,departement,37 - Indre-et-Loire,raw_2022
M. LASSALLE Jean,8483,1.85,2.53,1,2022,Rés,Divers,departement,45 - Loiret,raw_2022
M. LASSALLE Jean,8482,3.29,4.4,1,2022,Rés,Divers,departement,16 - Charente,raw_2022
M. MÉLENCHON Jean-Luc,8398,9.11,23.96,1,2022,FI,Gauche radicale,departement,ZM - Mayotte,raw_2022
M. ZEMMOUR Éric,8396,5.7,7.21,1,2022,Rec,Extrême droite,departement,32 - Gers,raw_2022
M. ROUSSEL Fabien,8362,1.42,1.89,1,2022,PCF,Extrême gauche,departement,49 - Maine-et-Loire,raw_2022
Mme HIDALGO Anne,8348,1.07,1.45,1,2022,PS,Gauche,departement,67 - Bas-Rhin,raw_2022
Mme PÉCRESSE Valérie,8343,3.24,4.33,1,2022,LR,Droite,departement,16 - Charente,raw_2022
M. DUPONT-AIGNAN Nicolas,8338,1.23,2.4,1,2022,DLF,Souverainiste,departement,ZD - La Réunion,raw_2022
Mme HIDALGO Anne,8279,1.75,2.26,1,2022,PS,Gauche,departement,22 - Côtes-d'Armor,raw_2022
Mme HIDALGO Anne,8276,1.04,1.4,1,2022,PS,Gauche,departement,94 - Val-de-Marne,raw_2022
Mme HIDALGO Anne,8267,1.36,1.77,1,2022,PS,Gauche,departement,56 - Morbihan,raw_2022
M. POUTOU Philippe,8265,0.46,0.65,1,2022,NPA,Extrême gauche,departement,59 - Nord,raw_2022
Mme HIDALGO Anne,8216,1.76,2.3,1,2022,PS,Gauche,departement,63 - Puy-de-Dôme,raw_2022
M. LASSALLE Jean,8183,2.23,2.89,1,2022,Rés,Divers,departement,21 - Côte-d'Or,raw_2022
M. ROUSSEL Fabien,8176,2.48,3.17,1,2022,PCF,Extrême gauche,departement,40 - Landes,raw_2022
M. ROUSSEL Fabien,8153,1.48,1.94,1,2022,PCF,Extrême gauche,departement,85 - Vendée,raw_2022
Mme PÉCRESSE Valérie,8147,3.63,5.07,1,2022,LR,Droite,departement,18 - Cher,raw_2022
M. DUPONT-AIGNAN Nicolas,8137,1.47,1.97,1,2022,DLF,Souverainiste,departement,30 - Gard,raw_2022
M. ROUSSEL Fabien,8119,3.25,4.37,1,2022,PCF,Extrême gauche,departement,03 - Allier,raw_2022
M. LASSALLE Jean,8081,2.52,3.28,1,2022,Rés,Divers,departement,73 - Savoie,raw_2022
M. JADOT Yannick,8048,1.96,2.69,1,2022,EELV,Écologie,departement,80 - Somme,raw_2022
M. ZEMMOUR Éric,8042,3.58,4.82,1,2022,Rec,Extrême droite,departement,53 - Mayenne,raw_2022
M. LASSALLE Jean,8032,5.77,7.34,1,2022,Rés,Divers,departement,46 - Lot,raw_2022
M. ROUSSEL Fabien,8030,3.04,3.97,1,2022,PCF,Extrême gauche,departement,87 - Haute-Vienne,raw_2022
M. ZEMMOUR Éric,8012,4.33,5.62,1,2022,Rec,Extrême droite,departement,19 - Corrèze,raw_2022
M. JADOT Yannick,7994,1.18,2.31,1,2022,EELV,Écologie,departement,ZD - La Réunion,raw_2022
M. MÉLENCHON Jean-Luc,7990,3.89,13.31,1,2022,FI,Gauche radicale,departement,ZP - Polynésie française,raw_2022
M. ROUSSEL Fabien,7961,1.62,2.25,1,2022,PCF,Extrême gauche,departement,54 - Meurthe-et-Moselle,raw_2022
Mme HIDALGO Anne,7944,0.99,1.34,1,2022,PS,Gauche,departement,91 - Essonne,raw_2022
M. JADOT Yannick,7934,3.53,4.75,1,2022,EELV,Écologie,departement,53 - Mayenne,raw_2022
M. ZEMMOUR Éric,7926,6.19,8.2,1,2022,Rec,Extrême droite,departement,04 - Alpes-de-Haute-Provence,raw_2022
M. DUPONT-AIGNAN Nicolas,7920,1.55,2.05,1,2022,DLF,Souverainiste,departement,14 - Calvados,raw_2022
M. JADOT Yannick,7904,2.6,3.59,1,2022,EELV,Écologie,departement,28 - Eure-et-Loir,raw_2022
M. JADOT Yannick,7877,2.99,3.9,1,2022,EELV,Écologie,departement,87 - Haute-Vienne,raw_2022
Mme HIDALGO Anne,7853,0.87,1.19,1,2022,PS,Gauche,departement,77 - Seine-et-Marne,raw_2022
M. ROUSSEL Fabien,7835,1.78,2.39,1,2022,PCF,Extrême gauche,departement,37 - Indre-et-Loire,raw_2022
M. LASSALLE Jean,7817,4.33,5.6,1,2022,Rés,Divers,departement,43 - Haute-Loire,raw_2022
M. LASSALLE Jean,7782,3.11,4.18,1,2022,Rés,Divers,departement,03 - Allier,raw_2022
M. DUPONT-AIGNAN Nicolas,7775,2.11,2.81,1,2022,DLF,Souverainiste,departement,25 - Doubs,raw_2022
M. LASSALLE Jean,7768,1.8,2.44,1,2022,Rés,Divers,departement,27 - Eure,raw_2022
M. DUPONT-AIGNAN Nicolas,7758,2.03,2.66,1,2022,DLF,Souverainiste,departement,26 - Drôme,raw_2022
M. DUPONT-AIGNAN Nicolas,7745,1.92,2.59,1,2022,DLF,Souverainiste,departement,71 - Saône-et-Loire,raw_2022
M. LASSALLE Jean,7741,2.53,3.34,1,2022,Rés,Divers,departement,86 - Vienne,raw_2022
M. ROUSSEL Fabien,7706,1.88,2.58,1,2022,PCF,Extrême gauche,departement,80 - Somme,raw_2022
Mme PÉCRESSE Valérie,7703,3.19,4.18,1,2022,LR,Droite,departement,47 - Lot-et-Garonne,raw_2022
M. DUPONT-AIGNAN Nicolas,7674,1.68,2.29,1,2022,DLF,Souverainiste,departement,45 - Loiret,raw_2022
Mme ARTHAUD Nathalie,7673,0.42,0.6,1,2022,LO,Extrême gauche,departement,59 - Nord,raw_2022
M. DUPONT-AIGNAN Nicolas,7563,1.75,2.37,1,2022,DLF,Souverainiste,departement,27 - Eure,raw_2022
M. JADOT Yannick,7562,2.72,3.71,1,2022,EELV,Écologie,departement,88 - Vosges,raw_2022
M. JADOT Yannick,7557,2.93,3.92,1,2022,EELV,Écologie,departement,16 - Charente,raw_2022
M. LASSALLE Jean,7546,1.83,2.54,1,2022,Rés,Divers,departement,72 - Sarthe,raw_2022
Mme HIDALGO Anne,7534,1.01,1.44,1,2022,PS,Gauche,departement,57 - Moselle,raw_2022
M. LASSALLE Jean,7532,6.33,8.21,1,2022,Rés,Divers,departement,09 - Ariège,raw_2022
M. ROUSSEL Fabien,7530,1.65,2.24,1,2022,PCF,Extrême gauche,departement,45 - Loiret,raw_2022
M. ZEMMOUR Éric,7438,4.48,6.15,1,2022,Rec,Extrême droite,departement,36 - Indre,raw_2022
Mme PÉCRESSE Valérie,7424,3.9,5.11,1,2022,LR,Droite,departement,39 - Jura,raw_2022
M. ROUSSEL Fabien,7419,1.84,2.48,1,2022,PCF,Extrême gauche,departement,71 - Saône-et-Loire,raw_2022
M. ZEMMOUR Éric,7378,4.79,6.56,1,2022,Rec,Extrême droite,departement,58 - Nièvre,raw_2022
M. LASSALLE Jean,7371,1.8,2.47,1,2022,Rés,Divers,departement,80 - Somme,raw_2022
M. ROUSSEL Fabien,7368,1.92,2.59,1,2022,PCF,Extrême gauche,departement,50 - Manche,raw_2022
Mme PÉCRESSE Valérie,7350,2.63,3.46,1,2022,LR,Droite,departement,11 - Aude,raw_2022
M. ZEMMOUR Éric,7347,5.45,7.46,1,2022,Rec,Extrême droite,departement,55 - Meuse,raw_2022
M. POUTOU Philippe,7280,0.69,0.91,1,2022,NPA,Extrême gauche,departement,44 - Loire-Atlantique,raw_2022
M. DUPONT-AIGNAN Nicolas,7271,1.65,2.22,1,2022,DLF,Souverainiste,departement,37 - Indre-et-Loire,raw_2022
M. DUPONT-AIGNAN Nicolas,7271,1.48,2.06,1,2022,DLF,Souverainiste,departement,54 - Meurthe-et-Moselle,raw_2022
Mme HIDALGO Anne,7244,1.31,1.73,1,2022,PS,Gauche,departement,85 - Vendée,raw_2022
M. LASSALLE Jean,7203,2.59,3.54,1,2022,Rés,Divers,departement,88 - Vosges,raw_2022
M. JADOT Yannick,7097,2.9,3.93,1,2022,EELV,Écologie,departement,41 - Loir-et-Cher,raw_2022
M. JADOT Yannick,7074,1.89,2.66,1,2022,EELV,Écologie,departement,02 - Aisne,raw_2022
M. DUPONT-AIGNAN Nicolas,7074,0.49,1.42,1,2022,DLF,Souverainiste,departement,ZZ - Français établis hors de France,raw_2022
M. ROUSSEL Fabien,7056,1.63,2.21,1,2022,PCF,Extrême gauche,departement,27 - Eure,raw_2022
M. ROUSSEL Fabien,7015,0.9,1.22,1,2022,PCF,Extrême gauche,departement,67 - Bas-Rhin,raw_2022
M. LASSALLE Jean,7014,2.57,3.38,1,2022,Rés,Divers,departement,79 - Deux-Sèvres,raw_2022
Mme PÉCRESSE Valérie,6987,6.04,7.93,1,2022,LR,Droite,departement,15 - Cantal,raw_2022
Mme HIDALGO Anne,6970,1.36,1.81,1,2022,PS,Gauche,departement,42 - Loire,raw_2022
M. DUPONT-AIGNAN Nicolas,6922,1.48,1.94,1,2022,DLF,Souverainiste,departement,63 - Puy-de-Dôme,raw_2022
M. LASSALLE Jean,6921,1.82,2.52,1,2022,Rés,Divers,departement,51 - Marne,raw_2022
M. ROUSSEL Fabien,6908,1.68,2.33,1,2022,PCF,Extrême gauche,departement,72 - Sarthe,raw_2022
M. DUPONT-AIGNAN Nicolas,6896,1.68,2.27,1,2022,DLF,Souverainiste,departement,84 - Vaucluse,raw_2022
M. DUPONT-AIGNAN Nicolas,6886,1.79,2.42,1,2022,DLF,Souverainiste,departement,50 - Manche,raw_2022
Mme HIDALGO Anne,6857,1.32,1.74,1,2022,PS,Gauche,departement,17 - Charente-Maritime,raw_2022
Mme HIDALGO Anne,6848,1.34,1.77,1,2022,PS,Gauche,departement,14 - Calvados,raw_2022
M. LASSALLE Jean,6848,5.92,7.77,1,2022,Rés,Divers,departement,15 - Cantal,raw_2022
M. LASSALLE Jean,6805,0.86,1.25,1,2022,Rés,Divers,departement,93 - Seine-Saint-Denis,raw_2022
Mme PÉCRESSE Valérie,6754,3.8,5.01,1,2022,LR,Droite,departement,70 - Haute-Saône,raw_2022
M. ROUSSEL Fabien,6752,1.77,2.32,1,2022,PCF,Extrême gauche,departement,26 - Drôme,raw_2022
M. JADOT Yannick,6746,3.07,3.95,1,2022,EELV,Écologie,departement,12 - Aveyron,raw_2022
M. LASSALLE Jean,6729,5.91,9.77,1,2022,Rés,Divers,departement,2A - Corse-du-Sud,raw_2022
M. DUPONT-AIGNAN Nicolas,6721,1.29,1.67,1,2022,DLF,Souverainiste,departement,64 - Pyrénées-Atlantiques,raw_2022
M. DUPONT-AIGNAN Nicolas,6694,2.09,2.72,1,2022,DLF,Souverainiste,departement,73 - Savoie,raw_2022
Mme HIDALGO Anne,6606,1.17,1.55,1,2022,PS,Gauche,departement,74 - Haute-Savoie,raw_2022
Mme PÉCRESSE Valérie,6589,3.97,5.45,1,2022,LR,Droite,departement,36 - Indre,raw_2022
Mme HIDALGO Anne,6585,1.19,1.59,1,2022,PS,Gauche,departement,30 - Gard,raw_2022
M. ROUSSEL Fabien,6509,1.8,2.42,1,2022,PCF,Extrême gauche,departement,66 - Pyrénées-Orientales,raw_2022
M. DUPONT-AIGNAN Nicolas,6494,1.58,2.19,1,2022,DLF,Souverainiste,departement,72 - Sarthe,raw_2022
M. DUPONT-AIGNAN Nicolas,6478,1.77,2.29,1,2022,DLF,Souverainiste,departement,21 - Côte-d'Or,raw_2022
M. LASSALLE Jean,6468,1.73,2.43,1,2022,Rés,Divers,departement,02 - Aisne,raw_2022
M. ZEMMOUR Éric,6450,4.98,6.88,1,2022,Rec,Extrême droite,departement,52 - Haute-Marne,raw_2022
M. ZEMMOUR Éric,6435,2.94,9.13,1,2022,Rec,Extrême droite,departement,ZN - Nouvelle-Calédonie,raw_2022
M. ROUSSEL Fabien,6412,2.1,2.77,1,2022,PCF,Extrême gauche,departement,86 - Vienne,raw_2022
M. DUPONT-AIGNAN Nicolas,6404,1.36,1.75,1,2022,DLF,Souverainiste,departement,22 - Côtes-d'Armor,raw_2022
M. JADOT Yannick,6388,3.35,4.4,1,2022,EELV,Écologie,departement,39 - Jura,raw_2022
Mme HIDALGO Anne,6362,1.29,1.8,1,2022,PS,Gauche,departement,54 - Meurthe-et-Moselle,raw_2022
Mme LE PEN Marine,6334,6.15,17.66,1,2022,RN,Extrême droite,departement,ZC - Guyane,raw_2022
M. JADOT Yannick,6322,2.26,2.98,1,2022,EELV,Écologie,departement,11 - Aude,raw_2022
M. DUPONT-AIGNAN Nicolas,6300,0.79,1.16,1,2022,DLF,Souverainiste,departement,93 - Seine-Saint-Denis,raw_2022
M. ROUSSEL Fabien,6292,3.4,4.41,1,2022,PCF,Extrême gauche,departement,19 - Corrèze,raw_2022
M. POUTOU Philippe,6266,0.88,1.15,1,2022,NPA,Extrême gauche,departement,29 - Finistère,raw_2022
M. ROUSSEL Fabien,6247,1.52,2.06,1,2022,PCF,Extrême gauche,departement,84 - Vaucluse,raw_2022
M. LASSALLE Jean,6218,3.26,4.28,1,2022,Rés,Divers,departement,39 - Jura,raw_2022
Mme HIDALGO Anne,6216,1.41,1.9,1,2022,PS,Gauche,departement,37 - Indre-et-Loire,raw_2022
Mme HIDALGO Anne,6166,2.2,2.9,1,2022,PS,Gauche,departement,11 - Aude,raw_2022
M. ZEMMOUR Éric,6164,5.43,7.15,1,2022,Rec,Extrême droite,departement,05 - Hautes-Alpes,raw_2022
M. DUPONT-AIGNAN Nicolas,6159,1.62,2.25,1,2022,DLF,Souverainiste,departement,51 - Marne,raw_2022
M. DUPONT-AIGNAN Nicolas,6152,2.21,3.02,1,2022,DLF,Souverainiste,departement,88 - Vosges,raw_2022
M. ZEMMOUR Éric,6123,4.4,5.6,1,2022,Rec,Extrême droite,departement,46 - Lot,raw_2022
Mme HIDALGO Anne,6094,0.83,1.15,1,2022,PS,Gauche,departement,95 - Val-d'Oise,raw_2022
Mme HIDALGO Anne,6037,1.5,2.02,1,2022,PS,Gauche,departement,71 - Saône-et-Loire,raw_2022
M. ROUSSEL Fabien,5997,1.06,1.4,1,2022,PCF,Extrême gauche,departement,74 - Haute-Savoie,raw_2022
Mme PÉCRESSE Valérie,5994,3.18,4.11,1,2022,LR,Droite,departement,82 - Tarn-et-Garonne,raw_2022
M. JADOT Yannick,5982,2.39,3.22,1,2022,EELV,Écologie,departement,03 - Allier,raw_2022
M. ROUSSEL Fabien,5968,1.6,2.24,1,2022,PCF,Extrême gauche,departement,02 - Aisne,raw_2022
M. LASSALLE Jean,5964,0.42,1.2,1,2022,Rés,Divers,departement,ZZ - Français établis hors de France,raw_2022
M. POUTOU Philippe,5963,0.42,0.59,1,2022,NPA,Extrême gauche,departement,13 - Bouches-du-Rhône,raw_2022
M. ROUSSEL Fabien,5938,1.36,1.78,1,2022,PCF,Extrême gauche,departement,01 - Ain,raw_2022
M. MACRON Emmanuel,5936,6.44,16.94,1,2022,LREM,Centre,departement,ZM - Mayotte,raw_2022
M. JADOT Yannick,5917,2.49,3.35,1,2022,EELV,Écologie,departement,89 - Yonne,raw_2022
Mme HIDALGO Anne,5890,0.74,1.08,1,2022,PS,Gauche,departement,93 - Seine-Saint-Denis,raw_2022
Mme ARTHAUD Nathalie,5887,0.54,0.74,1,2022,LO,Extrême gauche,departement,62 - Pas-de-Calais,raw_2022
Mme HIDALGO Anne,5853,1.52,2.06,1,2022,PS,Gauche,departement,50 - Manche,raw_2022
M. ZEMMOUR Éric,5821,4.89,6.35,1,2022,Rec,Extrême droite,departement,09 - Ariège,raw_2022
Mme HIDALGO Anne,5818,1.95,2.53,1,2022,PS,Gauche,departement,81 - Tarn,raw_2022
M. JADOT Yannick,5796,3.21,4.15,1,2022,EELV,Écologie,departement,43 - Haute-Loire,raw_2022
M. DUPONT-AIGNAN Nicolas,5790,1.55,2.18,1,2022,DLF,Souverainiste,departement,02 - Aisne,raw_2022
M. ROUSSEL Fabien,5749,2.56,3.58,1,2022,PCF,Extrême gauche,departement,18 - Cher,raw_2022
M. POUTOU Philippe,5732,0.42,0.54,1,2022,NPA,Extrême gauche,departement,75 - Paris,raw_2022
M. DUPONT-AIGNAN Nicolas,5731,1.89,2.6,1,2022,DLF,Souverainiste,departement,28 - Eure-et-Loir,raw_2022
M. ROUSSEL Fabien,5721,1.56,2.02,1,2022,PCF,Extrême gauche,departement,21 - Côte-d'Or,raw_2022
M. ROUSSEL Fabien,5710,2.23,2.9,1,2022,PCF,Extrême gauche,departement,07 - Ardèche,raw_2022
Mme HIDALGO Anne,5703,0.69,0.95,1,2022,PS,Gauche,departement,83 - Var,raw_2022
M. LASSALLE Jean,5694,1.87,2.59,1,2022,Rés,Divers,departement,28 - Eure-et-Loir,raw_2022
M. JADOT Yannick,5686,2.36,3.09,1,2022,EELV,Écologie,departement,47 - Lot-et-Garonne,raw_2022
Mme HIDALGO Anne,5656,1.24,1.69,1,2022,PS,Gauche,departement,45 - Loiret,raw_2022
Mme HIDALGO Anne,5654,2.14,2.8,1,2022,PS,Gauche,departement,87 - Haute-Vienne,raw_2022
Mme PÉCRESSE Valérie,5648,4.06,5.16,1,2022,LR,Droite,departement,46 - Lot,raw_2022
Mme HIDALGO Anne,5644,1.29,1.69,1,2022,PS,Gauche,departement,01 - Ain,raw_2022
M. ROUSSEL Fabien,5622,2.01,2.65,1,2022,PCF,Extrême gauche,departement,11 - Aude,raw_2022
M. DUPONT-AIGNAN Nicolas,5616,1.37,1.88,1,2022,DLF,Souverainiste,departement,80 - Somme,raw_2022
M. ZEMMOUR Éric,5583,5.96,8.02,1,2022,Rec,Extrême droite,departement,90 - Territoire de Belfort,raw_2022
Mme PÉCRESSE Valérie,5556,2.98,4.15,1,2022,LR,Droite,departement,08 - Ardennes,raw_2022
Mme PÉCRESSE Valérie,5555,4.3,7.08,1,2022,LR,Droite,departement,2B - Haute-Corse,raw_2022
Mme HIDALGO Anne,5549,0.82,1.6,1,2022,PS,Gauche,departement,ZD - La Réunion,raw_2022
M. ROUSSEL Fabien,5536,1.73,2.25,1,2022,PCF,Extrême gauche,departement,73 - Savoie,raw_2022
M. JADOT Yannick,5513,2.68,3.65,1,2022,EELV,Écologie,departement,61 - Orne,raw_2022
M. LASSALLE Jean,5495,2.45,3.42,1,2022,Rés,Divers,departement,18 - Cher,raw_2022
M. POUTOU Philippe,5488,0.5,0.69,1,2022,NPA,Extrême gauche,departement,62 - Pas-de-Calais,raw_2022
M. LASSALLE Jean,5483,2.24,3.03,1,2022,Rés,Divers,departement,41 - Loir-et-Cher,raw_2022
M. POUTOU Philippe,5477,0.62,0.85,1,2022,NPA,Extrême gauche,departement,76 - Seine-Maritime,raw_2022
M. DUPONT-AIGNAN Nicolas,5416,1.7,2.2,1,2022,DLF,Souverainiste,departement,24 - Dordogne,raw_2022
Mme HIDALGO Anne,5414,0.7,0.97,1,2022,PS,Gauche,departement,06 - Alpes-Maritimes,raw_2022
Mme HIDALGO Anne,5409,1.32,1.82,1,2022,PS,Gauche,departement,72 - Sarthe,raw_2022
M. POUTOU Philippe,5376,0.7,0.9,1,2022,NPA,Extrême gauche,departement,35 - Ille-et-Vilaine,raw_2022
M. ROUSSEL Fabien,5374,2.09,2.79,1,2022,PCF,Extrême gauche,departement,16 - Charente,raw_2022
Mme HIDALGO Anne,5362,1.69,2.17,1,2022,PS,Gauche,departement,24 - Dordogne,raw_2022
M. LASSALLE Jean,5356,2.25,3.03,1,2022,Rés,Divers,departement,89 - Yonne,raw_2022
M. ROUSSEL Fabien,5313,1.78,2.31,1,2022,PCF,Extrême gauche,departement,81 - Tarn,raw_2022
Mme HIDALGO Anne,5311,1.39,1.82,1,2022,PS,Gauche,departement,26 - Drôme,raw_2022
M. ROUSSEL Fabien,5307,1.39,1.94,1,2022,PCF,Extrême gauche,departement,51 - Marne,raw_2022
M. POUTOU Philippe,5267,0.45,0.58,1,2022,NPA,Extrême gauche,departement,69 - Rhône,raw_2022
M. DUPONT-AIGNAN Nicolas,5209,1.44,1.94,1,2022,DLF,Souverainiste,departement,66 - Pyrénées-Orientales,raw_2022
Mme PÉCRESSE Valérie,5172,3.35,4.6,1,2022,LR,Droite,departement,58 - Nièvre,raw_2022
Mme HIDALGO Anne,5126,1.4,1.81,1,2022,PS,Gauche,departement,21 - Côte-d'Or,raw_2022
Mme PÉCRESSE Valérie,5126,3.48,4.4,1,2022,LR,Droite,departement,32 - Gers,raw_2022
M. DUPONT-AIGNAN Nicolas,5123,1.72,2.23,1,2022,DLF,Souverainiste,departement,81 - Tarn,raw_2022
M. MACRON Emmanuel,5101,4.95,14.22,1,2022,LREM,Centre,departement,ZC - Guyane,raw_2022
M. DUPONT-AIGNAN Nicolas,5095,1.66,2.2,1,2022,DLF,Souverainiste,departement,86 - Vienne,raw_2022
M. JADOT Yannick,5040,2.72,3.53,1,2022,EELV,Écologie,departement,19 - Corrèze,raw_2022
M. JADOT Yannick,5028,2.24,3.13,1,2022,EELV,Écologie,departement,18 - Cher,raw_2022
M. JADOT Yannick,5013,4.42,5.81,1,2022,EELV,Écologie,departement,05 - Hautes-Alpes,raw_2022
Mme HIDALGO Anne,5013,1.38,1.87,1,2022,PS,Gauche,departement,66 - Pyrénées-Orientales,raw_2022
M. ROUSSEL Fabien,5001,1.36,1.8,1,2022,PCF,Extrême gauche,departement,25 - Doubs,raw_2022
M. LASSALLE Jean,4984,3.0,4.12,1,2022,Rés,Divers,departement,36 - Indre,raw_2022
M. POUTOU Philippe,4982,0.96,1.24,1,2022,NPA,Extrême gauche,departement,64 - Pyrénées-Atlantiques,raw_2022
M. ROUSSEL Fabien,4970,2.06,2.7,1,2022,PCF,Extrême gauche,departement,47 - Lot-et-Garonne,raw_2022
M. DUPONT-AIGNAN Nicolas,4927,1.93,2.5,1,2022,DLF,Souverainiste,departement,07 - Ardèche,raw_2022
M. DUPONT-AIGNAN Nicolas,4914,1.49,1.9,1,2022,DLF,Souverainiste,departement,40 - Landes,raw_2022
M. ZEMMOUR Éric,4906,4.24,5.57,1,2022,Rec,Extrême droite,departement,15 - Cantal,raw_2022
Mme HIDALGO Anne,4902,1.33,1.77,1,2022,PS,Gauche,departement,25 - Doubs,raw_2022
M. LASSALLE Jean,4895,2.38,3.24,1,2022,Rés,Divers,departement,61 - Orne,raw_2022
M. POUTOU Philippe,4888,0.53,0.67,1,2022,NPA,Extrême gauche,departement,31 - Haute-Garonne,raw_2022
Mme HIDALGO Anne,4881,0.92,1.27,1,2022,PS,Gauche,departement,68 - Haut-Rhin,raw_2022
M. JADOT Yannick,4872,2.75,3.61,1,2022,EELV,Écologie,departement,65 - Hautes-Pyrénées,raw_2022
M. LASSALLE Jean,4844,0.72,1.4,1,2022,Rés,Divers,departement,ZD - La Réunion,raw_2022
Mme PÉCRESSE Valérie,4841,3.74,5.16,1,2022,LR,Droite,departement,52 - Haute-Marne,raw_2022
M. JADOT Yannick,4835,2.56,3.32,1,2022,EELV,Écologie,departement,82 - Tarn-et-Garonne,raw_2022
M. POUTOU Philippe,4826,0.55,0.72,1,2022,NPA,Extrême gauche,departement,38 - Isère,raw_2022
M. LASSALLE Jean,4820,2.71,3.58,1,2022,Rés,Divers,departement,70 - Haute-Saône,raw_2022
M. JADOT Yannick,4786,1.97,3.25,1,2022,EELV,Écologie,region,Corse,raw_2022
Mme PÉCRESSE Valérie,4731,1.55,3.85,1,2022,LR,Droite,departement,ZB - Martinique,raw_2022
Mme PÉCRESSE Valérie,4725,2.3,7.87,1,2022,LR,Droite,departement,ZP - Polynésie française,raw_2022
M. LASSALLE Jean,4722,7.89,10.05,1,2022,Rés,Divers,departement,48 - Lozère,raw_2022
Mme ARTHAUD Nathalie,4712,0.45,0.59,1,2022,LO,Extrême gauche,departement,44 - Loire-Atlantique,raw_2022
M. LASSALLE Jean,4673,2.08,2.8,1,2022,Rés,Divers,departement,53 - Mayenne,raw_2022
M. ROUSSEL Fabien,4649,0.87,1.21,1,2022,PCF,Extrême gauche,departement,68 - Haut-Rhin,raw_2022
M. JADOT Yannick,4619,2.25,3.09,1,2022,EELV,Écologie,departement,10 - Aube,raw_2022
M. JADOT Yannick,4603,3.3,4.21,1,2022,EELV,Écologie,departement,46 - Lot,raw_2022
M. POUTOU Philippe,4600,0.51,0.7,1,2022,NPA,Extrême gauche,departement,77 - Seine-et-Marne,raw_2022
M. DUPONT-AIGNAN Nicolas,4594,1.93,2.6,1,2022,DLF,Souverainiste,departement,89 - Yonne,raw_2022
Mme PÉCRESSE Valérie,4560,2.57,3.38,1,2022,LR,Droite,departement,65 - Hautes-Pyrénées,raw_2022
Mme HIDALGO Anne,4542,1.48,1.96,1,2022,PS,Gauche,departement,86 - Vienne,raw_2022
M. ROUSSEL Fabien,4539,2.56,3.37,1,2022,PCF,Extrême gauche,departement,65 - Hautes-Pyrénées,raw_2022
M. ROUSSEL Fabien,4538,1.66,2.18,1,2022,PCF,Extrême gauche,departement,79 - Deux-Sèvres,raw_2022
M. ROUSSEL Fabien,4537,1.87,3.08,1,2022,PCF,Extrême gauche,region,Corse,raw_2022
M. DUPONT-AIGNAN Nicolas,4531,1.66,2.18,1,2022,DLF,Souverainiste,departement,79 - Deux-Sèvres,raw_2022
M. ROUSSEL Fabien,4515,2.06,2.64,1,2022,PCF,Extrême gauche,departement,12 - Aveyron,raw_2022
Mme PÉCRESSE Valérie,4511,3.97,5.23,1,2022,LR,Droite,departement,05 - Hautes-Alpes,raw_2022
M. ROUSSEL Fabien,4507,1.84,2.49,1,2022,PCF,Extrême gauche,departement,41 - Loir-et-Cher,raw_2022
Mme HIDALGO Anne,4470,2.04,2.62,1,2022,PS,Gauche,departement,12 - Aveyron,raw_2022
Mme ARTHAUD Nathalie,4433,0.5,0.69,1,2022,LO,Extrême gauche,departement,76 - Seine-Maritime,raw_2022
M. DUPONT-AIGNAN Nicolas,4427,1.81,2.45,1,2022,DLF,Souverainiste,departement,41 - Loir-et-Cher,raw_2022
Mme HIDALGO Anne,4418,1.38,1.79,1,2022,PS,Gauche,departement,73 - Savoie,raw_2022
Mme PÉCRESSE Valérie,4403,3.27,4.47,1,2022,LR,Droite,departement,55 - Meuse,raw_2022
M. POUTOU Philippe,4393,0.52,0.69,1,2022,NPA,Extrême gauche,departement,34 - Hérault,raw_2022
Mme PÉCRESSE Valérie,4391,4.83,6.57,1,2022,LR,Droite,departement,23 - Creuse,raw_2022
M. POUTOU Philippe,4376,0.72,0.94,1,2022,NPA,Extrême gauche,departement,56 - Morbihan,raw_2022
M. DUPONT-AIGNAN Nicolas,4345,1.69,2.26,1,2022,DLF,Souverainiste,departement,16 - Charente,raw_2022
M. POUTOU Philippe,4343,0.58,0.83,1,2022,NPA,Extrême gauche,departement,57 - Moselle,raw_2022
Mme HIDALGO Anne,4340,1.59,2.09,1,2022,PS,Gauche,departement,79 - Deux-Sèvres,raw_2022
M. LASSALLE Jean,4309,3.36,4.46,1,2022,Rés,Divers,departement,04 - Alpes-de-Haute-Provence,raw_2022
M. POUTOU Philippe,4306,0.54,0.72,1,2022,NPA,Extrême gauche,departement,91 - Essonne,raw_2022
M. JADOT Yannick,4292,2.42,3.19,1,2022,EELV,Écologie,departement,70 - Haute-Saône,raw_2022
M. ZEMMOUR Éric,4283,2.08,7.13,1,2022,Rec,Extrême droite,departement,ZP - Polynésie française,raw_2022
M. ROUSSEL Fabien,4281,2.78,3.81,1,2022,PCF,Extrême gauche,departement,58 - Nièvre,raw_2022
M. LASSALLE Jean,4275,4.7,6.4,1,2022,Rés,Divers,departement,23 - Creuse,raw_2022
M. ROUSSEL Fabien,4267,1.4,1.94,1,2022,PCF,Extrême gauche,departement,28 - Eure-et-Loir,raw_2022
Mme HIDALGO Anne,4251,0.75,1.03,1,2022,PS,Gauche,departement,60 - Oise,raw_2022
M. DUPONT-AIGNAN Nicolas,4216,1.69,2.27,1,2022,DLF,Souverainiste,departement,03 - Allier,raw_2022
M. DUPONT-AIGNAN Nicolas,4206,1.5,1.98,1,2022,DLF,Souverainiste,departement,11 - Aude,raw_2022
Mme HIDALGO Anne,4189,1.64,2.13,1,2022,PS,Gauche,departement,07 - Ardèche,raw_2022
M. POUTOU Philippe,4158,0.53,0.72,1,2022,NPA,Extrême gauche,departement,67 - Bas-Rhin,raw_2022
Mme PÉCRESSE Valérie,4144,1.89,5.88,1,2022,LR,Droite,departement,ZN - Nouvelle-Calédonie,raw_2022
M. DUPONT-AIGNAN Nicolas,4143,2.17,2.85,1,2022,DLF,Souverainiste,departement,39 - Jura,raw_2022
M. LASSALLE Jean,4106,2.66,3.65,1,2022,Rés,Divers,departement,58 - Nièvre,raw_2022
M. JADOT Yannick,4090,2.78,3.51,1,2022,EELV,Écologie,departement,32 - Gers,raw_2022
M. LASSALLE Jean,4084,2.19,3.05,1,2022,Rés,Divers,departement,08 - Ardennes,raw_2022
Mme HIDALGO Anne,4027,0.93,1.26,1,2022,PS,Gauche,departement,27 - Eure,raw_2022
M. ROUSSEL Fabien,4023,1.69,2.28,1,2022,PCF,Extrême gauche,departement,89 - Yonne,raw_2022
Mme HIDALGO Anne,4003,1.55,2.08,1,2022,PS,Gauche,departement,16 - Charente,raw_2022
Mme PÉCRESSE Valérie,3979,1.26,2.95,1,2022,LR,Droite,departement,ZA - Guadeloupe,raw_2022
M. DUPONT-AIGNAN Nicolas,3966,1.93,2.65,1,2022,DLF,Souverainiste,departement,10 - Aube,raw_2022
M. POUTOU Philippe,3963,0.41,0.54,1,2022,NPA,Extrême gauche,departement,78 - Yvelines,raw_2022
M. JADOT Yannick,3957,3.09,4.09,1,2022,EELV,Écologie,departement,04 - Alpes-de-Haute-Provence,raw_2022
Mme HIDALGO Anne,3935,1.29,3.2,1,2022,PS,Gauche,departement,ZB - Martinique,raw_2022
M. DUPONT-AIGNAN Nicolas,3912,1.62,2.12,1,2022,DLF,Souverainiste,departement,47 - Lot-et-Garonne,raw_2022
M. POUTOU Philippe,3895,0.83,1.06,1,2022,NPA,Extrême gauche,departement,22 - Côtes-d'Armor,raw_2022
M. LASSALLE Jean,3871,3.41,4.49,1,2022,Rés,Divers,departement,05 - Hautes-Alpes,raw_2022
Mme HIDALGO Anne,3861,2.62,3.32,1,2022,PS,Gauche,departement,32 - Gers,raw_2022
M. DUPONT-AIGNAN Nicolas,3858,1.72,2.31,1,2022,DLF,Souverainiste,departement,53 - Mayenne,raw_2022
M. ROUSSEL Fabien,3847,1.38,1.89,1,2022,PCF,Extrême gauche,departement,88 - Vosges,raw_2022
Mme PÉCRESSE Valérie,3834,2.99,3.97,1,2022,LR,Droite,departement,04 - Alpes-de-Haute-Provence,raw_2022
M. DUPONT-AIGNAN Nicolas,3826,1.86,2.53,1,2022,DLF,Souverainiste,departement,61 - Orne,raw_2022
M. LASSALLE Jean,3787,1.84,2.53,1,2022,Rés,Divers,departement,10 - Aube,raw_2022
Mme ARTHAUD Nathalie,3783,0.49,0.63,1,2022,LO,Extrême gauche,departement,35 - Ille-et-Vilaine,raw_2022
Mme ARTHAUD Nathalie,3774,0.32,0.42,1,2022,LO,Extrême gauche,departement,69 - Rhône,raw_2022
Mme PÉCRESSE Valérie,3772,3.31,5.48,1,2022,LR,Droite,departement,2A - Corse-du-Sud,raw_2022
M. DUPONT-AIGNAN Nicolas,3770,1.68,2.35,1,2022,DLF,Souverainiste,departement,18 - Cher,raw_2022
Mme HIDALGO Anne,3769,0.92,1.24,1,2022,PS,Gauche,departement,84 - Vaucluse,raw_2022
M. POUTOU Philippe,3764,0.73,0.97,1,2022,NPA,Extrême gauche,departement,14 - Calvados,raw_2022
Mme HIDALGO Anne,3746,0.91,1.25,1,2022,PS,Gauche,departement,80 - Somme,raw_2022
M. POUTOU Philippe,3730,0.47,0.63,1,2022,NPA,Extrême gauche,departement,94 - Val-de-Marne,raw_2022
M. JADOT Yannick,3726,2.24,3.08,1,2022,EELV,Écologie,departement,36 - Indre,raw_2022
M. POUTOU Philippe,3704,0.37,0.48,1,2022,NPA,Extrême gauche,departement,92 - Hauts-de-Seine,raw_2022
M. ROUSSEL Fabien,3702,2.23,3.06,1,2022,PCF,Extrême gauche,departement,36 - Indre,raw_2022
Mme ARTHAUD Nathalie,3687,0.47,0.64,1,2022,LO,Extrême gauche,departement,67 - Bas-Rhin,raw_2022
Mme ARTHAUD Nathalie,3679,0.32,0.41,1,2022,LO,Extrême gauche,departement,33 - Gironde,raw_2022
M. POUTOU Philippe,3663,0.62,0.83,1,2022,NPA,Extrême gauche,departement,49 - Maine-et-Loire,raw_2022
M. POUTOU Philippe,3663,0.46,0.67,1,2022,NPA,Extrême gauche,departement,93 - Seine-Saint-Denis,raw_2022
M. DUPONT-AIGNAN Nicolas,3640,2.05,2.7,1,2022,DLF,Souverainiste,departement,70 - Haute-Saône,raw_2022
M. ROUSSEL Fabien,3628,1.92,2.49,1,2022,PCF,Extrême gauche,departement,82 - Tarn-et-Garonne,raw_2022
Mme ARTHAUD Nathalie,3627,0.51,0.67,1,2022,LO,Extrême gauche,departement,29 - Finistère,raw_2022
M. POUTOU Philippe,3621,0.66,0.86,1,2022,NPA,Extrême gauche,departement,85 - Vendée,raw_2022
Mme HIDALGO Anne,3605,1.95,2.53,1,2022,PS,Gauche,departement,19 - Corrèze,raw_2022
Mme ARTHAUD Nathalie,3578,0.25,0.35,1,2022,LO,Extrême gauche,departement,13 - Bouches-du-Rhône,raw_2022
M. POUTOU Philippe,3578,0.44,0.6,1,2022,NPA,Extrême gauche,departement,83 - Var,raw_2022
M. ROUSSEL Fabien,3559,2.56,3.25,1,2022,PCF,Extrême gauche,departement,46 - Lot,raw_2022
M. DUPONT-AIGNAN Nicolas,3555,1.35,1.76,1,2022,DLF,Souverainiste,departement,87 - Haute-Vienne,raw_2022
M. JADOT Yannick,3552,2.3,3.16,1,2022,EELV,Écologie,departement,58 - Nièvre,raw_2022
Mme HIDALGO Anne,3542,0.93,1.29,1,2022,PS,Gauche,departement,51 - Marne,raw_2022
Mme ARTHAUD Nathalie,3538,0.52,1.02,1,2022,LO,Extrême gauche,departement,ZD - La Réunion,raw_2022
M. ZEMMOUR Éric,3501,3.85,5.24,1,2022,Rec,Extrême droite,departement,23 - Creuse,raw_2022
M. LASSALLE Jean,3500,2.6,3.55,1,2022,Rés,Divers,departement,55 - Meuse,raw_2022
Mme ARTHAUD Nathalie,3499,0.47,0.67,1,2022,LO,Extrême gauche,departement,57 - Moselle,raw_2022
M. ROUSSEL Fabien,3493,1.93,2.5,1,2022,PCF,Extrême gauche,departement,43 - Haute-Loire,raw_2022
Mme ARTHAUD Nathalie,3479,0.39,0.52,1,2022,LO,Extrême gauche,departement,38 - Isère,raw_2022
M. DUPONT-AIGNAN Nicolas,3477,1.58,2.03,1,2022,DLF,Souverainiste,departement,12 - Aveyron,raw_2022
Mme HIDALGO Anne,3468,1.54,2.08,1,2022,PS,Gauche,departement,53 - Mayenne,raw_2022
M. JADOT Yannick,3446,1.85,2.57,1,2022,EELV,Écologie,departement,08 - Ardennes,raw_2022
Mme ARTHAUD Nathalie,3440,0.38,0.52,1,2022,LO,Extrême gauche,departement,77 - Seine-et-Marne,raw_2022
M. DUPONT-AIGNAN Nicolas,3412,1.81,2.34,1,2022,DLF,Souverainiste,departement,82 - Tarn-et-Garonne,raw_2022
M. POUTOU Philippe,3403,0.66,0.86,1,2022,NPA,Extrême gauche,departement,17 - Charente-Maritime,raw_2022
M. DUPONT-AIGNAN Nicolas,3366,1.86,2.41,1,2022,DLF,Souverainiste,departement,43 - Haute-Loire,raw_2022
Mme HIDALGO Anne,3357,1.39,1.82,1,2022,PS,Gauche,departement,47 - Lot-et-Garonne,raw_2022
M. POUTOU Philippe,3352,0.46,0.63,1,2022,NPA,Extrême gauche,departement,95 - Val-d'Oise,raw_2022
M. LASSALLE Jean,3327,2.57,3.55,1,2022,Rés,Divers,departement,52 - Haute-Marne,raw_2022
Mme PÉCRESSE Valérie,3322,3.54,4.77,1,2022,LR,Droite,departement,90 - Territoire de Belfort,raw_2022
Mme HIDALGO Anne,3315,1.87,2.46,1,2022,PS,Gauche,departement,65 - Hautes-Pyrénées,raw_2022
M. ROUSSEL Fabien,3313,1.47,1.98,1,2022,PCF,Extrême gauche,departement,53 - Mayenne,raw_2022
Mme HIDALGO Anne,3280,1.31,1.76,1,2022,PS,Gauche,departement,03 - Allier,raw_2022
M. ROUSSEL Fabien,3266,0.23,0.65,1,2022,PCF,Extrême gauche,departement,ZZ - Français établis hors de France,raw_2022
M. ROUSSEL Fabien,3261,1.59,2.16,1,2022,PCF,Extrême gauche,departement,61 - Orne,raw_2022
M. POUTOU Philippe,3232,0.57,0.76,1,2022,NPA,Extrême gauche,departement,74 - Haute-Savoie,raw_2022
M. POUTOU Philippe,3214,0.65,0.91,1,2022,NPA,Extrême gauche,departement,54 - Meurthe-et-Moselle,raw_2022
Mme HIDALGO Anne,3208,2.69,3.5,1,2022,PS,Gauche,departement,09 - Ariège,raw_2022
M. POUTOU Philippe,3189,0.68,0.89,1,2022,NPA,Extrême gauche,departement,63 - Puy-de-Dôme,raw_2022
M. ROUSSEL Fabien,3166,1.66,2.18,1,2022,PCF,Extrême gauche,departement,39 - Jura,raw_2022
Mme HIDALGO Anne,3165,1.29,1.75,1,2022,PS,Gauche,departement,41 - Loir-et-Cher,raw_2022
M. ZEMMOUR Éric,3153,1.04,2.56,1,2022,Rec,Extrême droite,departement,ZB - Martinique,raw_2022
M. ZEMMOUR Éric,3148,5.26,6.7,1,2022,Rec,Extrême droite,departement,48 - Lozère,raw_2022
M. POUTOU Philippe,3145,0.22,0.63,1,2022,NPA,Extrême gauche,departement,ZZ - Français établis hors de France,raw_2022
M. JADOT Yannick,3130,2.32,3.18,1,2022,EELV,Écologie,departement,55 - Meuse,raw_2022
M. ROUSSEL Fabien,3128,2.12,2.69,1,2022,PCF,Extrême gauche,departement,32 - Gers,raw_2022
Mme HIDALGO Anne,3114,1.12,1.53,1,2022,PS,Gauche,departement,88 - Vosges,raw_2022
M. ZEMMOUR Éric,3098,0.98,2.29,1,2022,Rec,Extrême droite,departement,ZA - Guadeloupe,raw_2022
M. ROUSSEL Fabien,3094,1.51,2.07,1,2022,PCF,Extrême gauche,departement,10 - Aube,raw_2022
Mme HIDALGO Anne,3076,1.01,1.4,1,2022,PS,Gauche,departement,28 - Eure-et-Loir,raw_2022
M. ROUSSEL Fabien,3074,0.46,0.89,1,2022,PCF,Extrême gauche,departement,ZD - La Réunion,raw_2022
Mme ARTHAUD Nathalie,3071,0.52,0.7,1,2022,LO,Extrême gauche,departement,49 - Maine-et-Loire,raw_2022
Mme HIDALGO Anne,3069,1.63,2.1,1,2022,PS,Gauche,departement,82 - Tarn-et-Garonne,raw_2022
M. POUTOU Philippe,3048,0.54,0.74,1,2022,NPA,Extrême gauche,departement,60 - Oise,raw_2022
Mme PÉCRESSE Valérie,3039,5.08,6.47,1,2022,LR,Droite,departement,48 - Lozère,raw_2022
M. JADOT Yannick,3020,2.54,3.29,1,2022,EELV,Écologie,departement,09 - Ariège,raw_2022
M. ROUSSEL Fabien,3009,1.62,2.25,1,2022,PCF,Extrême gauche,departement,08 - Ardennes,raw_2022
Mme ARTHAUD Nathalie,3006,0.32,0.41,1,2022,LO,Extrême gauche,departement,31 - Haute-Garonne,raw_2022
M. POUTOU Philippe,2989,0.38,0.53,1,2022,NPA,Extrême gauche,departement,06 - Alpes-Maritimes,raw_2022
M. DUPONT-AIGNAN Nicolas,2989,0.98,2.43,1,2022,DLF,Souverainiste,departement,ZB - Martinique,raw_2022
Mme HIDALGO Anne,2983,0.8,1.12,1,2022,PS,Gauche,departement,02 - Aisne,raw_2022
M. DUPONT-AIGNAN Nicolas,2957,1.59,2.21,1,2022,DLF,Souverainiste,departement,08 - Ardennes,raw_2022
Mme ARTHAUD Nathalie,2952,0.48,0.63,1,2022,LO,Extrême gauche,departement,56 - Morbihan,raw_2022
Mme ARTHAUD Nathalie,2891,0.21,0.27,1,2022,LO,Extrême gauche,departement,75 - Paris,raw_2022
M. DUPONT-AIGNAN Nicolas,2886,1.74,2.39,1,2022,DLF,Souverainiste,departement,36 - Indre,raw_2022
M. POUTOU Philippe,2882,0.65,0.88,1,2022,NPA,Extrême gauche,departement,37 - Indre-et-Loire,raw_2022
Mme ARTHAUD Nathalie,2859,0.51,0.69,1,2022,LO,Extrême gauche,departement,60 - Oise,raw_2022
M. POUTOU Philippe,2842,0.53,0.74,1,2022,NPA,Extrême gauche,departement,68 - Haut-Rhin,raw_2022
M. ROUSSEL Fabien,2836,1.6,2.1,1,2022,PCF,Extrême gauche,departement,70 - Haute-Saône,raw_2022
Mme ARTHAUD Nathalie,2831,0.35,0.48,1,2022,LO,Extrême gauche,departement,91 - Essonne,raw_2022
Mme PÉCRESSE Valérie,2810,3.05,8.02,1,2022,LR,Droite,departement,ZM - Mayotte,raw_2022
M. JADOT Yannick,2798,2.99,4.02,1,2022,EELV,Écologie,departement,90 - Territoire de Belfort,raw_2022
Mme ARTHAUD Nathalie,2774,0.29,0.38,1,2022,LO,Extrême gauche,departement,78 - Yvelines,raw_2022
M. POUTOU Philippe,2767,0.54,0.72,1,2022,NPA,Extrême gauche,departement,42 - Loire,raw_2022
Mme HIDALGO Anne,2766,1.99,2.53,1,2022,PS,Gauche,departement,46 - Lot,raw_2022
Mme ARTHAUD Nathalie,2757,0.54,0.71,1,2022,LO,Extrême gauche,departement,14 - Calvados,raw_2022
Mme ARTHAUD Nathalie,2756,0.35,0.51,1,2022,LO,Extrême gauche,departement,93 - Seine-Saint-Denis,raw_2022
M. JADOT Yannick,2751,2.38,3.12,1,2022,EELV,Écologie,departement,15 - Cantal,raw_2022
Mme PÉCRESSE Valérie,2724,2.29,2.97,1,2022,LR,Droite,departement,09 - Ariège,raw_2022
M. ROUSSEL Fabien,2721,2.12,2.81,1,2022,PCF,Extrême gauche,departement,04 - Alpes-de-Haute-Provence,raw_2022
M. POUTOU Philippe,2720,0.71,0.96,1,2022,NPA,Extrême gauche,departement,50 - Manche,raw_2022
M. POUTOU Philippe,2710,0.63,0.85,1,2022,NPA,Extrême gauche,departement,27 - Eure,raw_2022
M. POUTOU Philippe,2706,0.49,0.65,1,2022,NPA,Extrême gauche,departement,30 - Gard,raw_2022
M. POUTOU Philippe,2705,0.4,0.78,1,2022,NPA,Extrême gauche,departement,ZD - La Réunion,raw_2022
M. ROUSSEL Fabien,2701,2.27,2.95,1,2022,PCF,Extrême gauche,departement,09 - Ariège,raw_2022
M. DUPONT-AIGNAN Nicolas,2697,1.23,3.83,1,2022,DLF,Souverainiste,departement,ZN - Nouvelle-Calédonie,raw_2022
M. ROUSSEL Fabien,2687,2.08,3.42,1,2022,PCF,Extrême gauche,departement,2B - Haute-Corse,raw_2022
Mme ARTHAUD Nathalie,2647,0.48,0.63,1,2022,LO,Extrême gauche,departement,85 - Vendée,raw_2022
Mme HIDALGO Anne,2635,1.38,1.81,1,2022,PS,Gauche,departement,39 - Jura,raw_2022
M. DUPONT-AIGNAN Nicolas,2618,1.41,1.84,1,2022,DLF,Souverainiste,departement,19 - Corrèze,raw_2022
Mme ARTHAUD Nathalie,2603,0.55,0.71,1,2022,LO,Extrême gauche,departement,22 - Côtes-d'Armor,raw_2022
M. DUPONT-AIGNAN Nicolas,2589,1.07,1.76,1,2022,DLF,Souverainiste,region,Corse,raw_2022
Mme HIDALGO Anne,2585,1.15,1.61,1,2022,PS,Gauche,departement,18 - Cher,raw_2022
M. DUPONT-AIGNAN Nicolas,2584,2.0,2.75,1,2022,DLF,Souverainiste,departement,52 - Haute-Marne,raw_2022
Mme ARTHAUD Nathalie,2580,0.3,0.4,1,2022,LO,Extrême gauche,departement,34 - Hérault,raw_2022
M. JADOT Yannick,2580,1.99,2.75,1,2022,EELV,Écologie,departement,52 - Haute-Marne,raw_2022
Mme ARTHAUD Nathalie,2556,0.55,0.71,1,2022,LO,Extrême gauche,departement,63 - Puy-de-Dôme,raw_2022
M. JADOT Yannick,2520,1.95,3.21,1,2022,EELV,Écologie,departement,2B - Haute-Corse,raw_2022
M. POUTOU Philippe,2505,0.61,0.84,1,2022,NPA,Extrême gauche,departement,72 - Sarthe,raw_2022
M. DUPONT-AIGNAN Nicolas,2504,1.96,2.59,1,2022,DLF,Souverainiste,departement,04 - Alpes-de-Haute-Provence,raw_2022
Mme ARTHAUD Nathalie,2504,0.31,0.43,1,2022,LO,Extrême gauche,departement,94 - Val-de-Marne,raw_2022
M. ROUSSEL Fabien,2496,2.16,2.83,1,2022,PCF,Extrême gauche,departement,15 - Cantal,raw_2022
M. DUPONT-AIGNAN Nicolas,2495,1.62,2.22,1,2022,DLF,Souverainiste,departement,58 - Nièvre,raw_2022
Mme HIDALGO Anne,2491,1.38,1.78,1,2022,PS,Gauche,departement,43 - Haute-Loire,raw_2022
Mme ARTHAUD Nathalie,2486,0.61,0.83,1,2022,LO,Extrême gauche,departement,80 - Somme,raw_2022
Mme HIDALGO Anne,2464,1.48,2.04,1,2022,PS,Gauche,departement,36 - Indre,raw_2022
M. POUTOU Philippe,2433,0.53,0.73,1,2022,NPA,Extrême gauche,departement,45 - Loiret,raw_2022
M. ROUSSEL Fabien,2430,2.67,3.64,1,2022,PCF,Extrême gauche,departement,23 - Creuse,raw_2022
M. DUPONT-AIGNAN Nicolas,2422,1.8,2.46,1,2022,DLF,Souverainiste,departement,55 - Meuse,raw_2022
M. DUPONT-AIGNAN Nicolas,2418,1.64,2.08,1,2022,DLF,Souverainiste,departement,32 - Gers,raw_2022
M. DUPONT-AIGNAN Nicolas,2409,1.36,1.79,1,2022,DLF,Souverainiste,departement,65 - Hautes-Pyrénées,raw_2022
M. DUPONT-AIGNAN Nicolas,2400,1.72,2.19,1,2022,DLF,Souverainiste,departement,46 - Lot,raw_2022
Mme ARTHAUD Nathalie,2392,0.33,0.45,1,2022,LO,Extrême gauche,departement,95 - Val-d'Oise,raw_2022
Mme ARTHAUD Nathalie,2390,0.47,0.62,1,2022,LO,Extrême gauche,departement,42 - Loire,raw_2022
Mme ARTHAUD Nathalie,2373,0.48,0.67,1,2022,LO,Extrême gauche,departement,54 - Meurthe-et-Moselle,raw_2022
M. POUTOU Philippe,2369,0.59,0.79,1,2022,NPA,Extrême gauche,departement,71 - Saône-et-Loire,raw_2022
Mme HIDALGO Anne,2368,1.15,1.57,1,2022,PS,Gauche,departement,61 - Orne,raw_2022
M. MÉLENCHON Jean-Luc,2354,9.64,28.13,1,2022,FI,Gauche radicale,departement,ZX - Saint-Martin/Saint-Barthélemy,raw_2022
M. POUTOU Philippe,2345,0.64,0.85,1,2022,NPA,Extrême gauche,departement,25 - Doubs,raw_2022
Mme HIDALGO Anne,2345,1.32,1.74,1,2022,PS,Gauche,departement,70 - Haute-Saône,raw_2022
Mme ARTHAUD Nathalie,2330,0.45,0.59,1,2022,LO,Extrême gauche,departement,17 - Charente-Maritime,raw_2022
M. POUTOU Philippe,2315,0.76,1.0,1,2022,NPA,Extrême gauche,departement,86 - Vienne,raw_2022
Mme ARTHAUD Nathalie,2306,0.23,0.3,1,2022,LO,Extrême gauche,departement,92 - Hauts-de-Seine,raw_2022
M. POUTOU Philippe,2286,0.62,0.81,1,2022,NPA,Extrême gauche,departement,21 - Côte-d'Or,raw_2022
Mme HIDALGO Anne,2286,0.96,1.3,1,2022,PS,Gauche,departement,89 - Yonne,raw_2022
M. JADOT Yannick,2266,1.99,3.29,1,2022,EELV,Écologie,departement,2A - Corse-du-Sud,raw_2022
Mme HIDALGO Anne,2266,0.72,1.68,1,2022,PS,Gauche,departement,ZA - Guadeloupe,raw_2022
Mme ARTHAUD Nathalie,2265,0.43,0.59,1,2022,LO,Extrême gauche,departement,68 - Haut-Rhin,raw_2022
Mme ARTHAUD Nathalie,2249,0.58,0.79,1,2022,LO,Extrême gauche,departement,50 - Manche,raw_2022
Mme ARTHAUD Nathalie,2243,0.51,0.68,1,2022,LO,Extrême gauche,departement,37 - Indre-et-Loire,raw_2022
M. POUTOU Philippe,2223,0.7,0.9,1,2022,NPA,Extrême gauche,departement,24 - Dordogne,raw_2022
M. POUTOU Philippe,2206,0.54,0.74,1,2022,NPA,Extrême gauche,departement,80 - Somme,raw_2022
Mme ARTHAUD Nathalie,2197,0.51,0.69,1,2022,LO,Extrême gauche,departement,27 - Eure,raw_2022
M. POUTOU Philippe,2172,0.5,0.65,1,2022,NPA,Extrême gauche,departement,01 - Ain,raw_2022
M. JADOT Yannick,2161,0.99,3.07,1,2022,EELV,Écologie,departement,ZN - Nouvelle-Calédonie,raw_2022
Mme HIDALGO Anne,2160,1.4,1.92,1,2022,PS,Gauche,departement,58 - Nièvre,raw_2022
Mme ARTHAUD Nathalie,2150,0.52,0.72,1,2022,LO,Extrême gauche,departement,72 - Sarthe,raw_2022
M. JADOT Yannick,2150,1.05,3.58,1,2022,EELV,Écologie,departement,ZP - Polynésie française,raw_2022
M. DUPONT-AIGNAN Nicolas,2142,1.89,2.48,1,2022,DLF,Souverainiste,departement,05 - Hautes-Alpes,raw_2022
M. POUTOU Philippe,2134,0.78,1.03,1,2022,NPA,Extrême gauche,departement,79 - Deux-Sèvres,raw_2022
M. POUTOU Philippe,2118,0.57,0.8,1,2022,NPA,Extrême gauche,departement,02 - Aisne,raw_2022
M. MACRON Emmanuel,2115,22.2,39.47,1,2022,LREM,Centre,departement,ZW - Wallis et Futuna,raw_2022
M. DUPONT-AIGNAN Nicolas,2114,0.67,1.56,1,2022,DLF,Souverainiste,departement,ZA - Guadeloupe,raw_2022
M. POUTOU Philippe,2109,0.55,0.72,1,2022,NPA,Extrême gauche,departement,26 - Drôme,raw_2022
Mme ARTHAUD Nathalie,2098,0.26,0.35,1,2022,LO,Extrême gauche,departement,83 - Var,raw_2022
M. MACRON Emmanuel,2070,8.48,24.74,1,2022,LREM,Centre,departement,ZX - Saint-Martin/Saint-Barthélemy,raw_2022
Mme ARTHAUD Nathalie,2069,0.56,0.75,1,2022,LO,Extrême gauche,departement,25 - Doubs,raw_2022
Mme ARTHAUD Nathalie,2041,0.53,0.7,1,2022,LO,Extrême gauche,departement,26 - Drôme,raw_2022
Mme ARTHAUD Nathalie,2038,0.55,0.77,1,2022,LO,Extrême gauche,departement,02 - Aisne,raw_2022
M. POUTOU Philippe,2023,0.49,0.67,1,2022,NPA,Extrême gauche,departement,84 - Vaucluse,raw_2022
M. LASSALLE Jean,2000,2.13,2.87,1,2022,Rés,Divers,departement,90 - Territoire de Belfort,raw_2022
M. POUTOU Philippe,1995,0.55,0.74,1,2022,NPA,Extrême gauche,departement,66 - Pyrénées-Orientales,raw_2022
M. POUTOU Philippe,1986,0.71,0.97,1,2022,NPA,Extrême gauche,departement,88 - Vosges,raw_2022
Mme ARTHAUD Nathalie,1979,0.49,0.66,1,2022,LO,Extrême gauche,departement,71 - Saône-et-Loire,raw_2022
M. JADOT Yannick,1978,0.65,1.61,1,2022,EELV,Écologie,departement,ZB - Martinique,raw_2022
M. POUTOU Philippe,1975,0.6,0.77,1,2022,NPA,Extrême gauche,departement,40 - Landes,raw_2022
M. DUPONT-AIGNAN Nicolas,1969,0.96,3.28,1,2022,DLF,Souverainiste,departement,ZP - Polynésie française,raw_2022
Mme ARTHAUD Nathalie,1959,0.43,0.58,1,2022,LO,Extrême gauche,departement,45 - Loiret,raw_2022
M. ROUSSEL Fabien,1957,1.45,1.99,1,2022,PCF,Extrême gauche,departement,55 - Meuse,raw_2022
M. JADOT Yannick,1927,0.61,1.43,1,2022,EELV,Écologie,departement,ZA - Guadeloupe,raw_2022
M. ROUSSEL Fabien,1925,1.7,2.23,1,2022,PCF,Extrême gauche,departement,05 - Hautes-Alpes,raw_2022
M. JADOT Yannick,1906,2.1,2.85,1,2022,EELV,Écologie,departement,23 - Creuse,raw_2022
M. POUTOU Philippe,1894,0.5,0.69,1,2022,NPA,Extrême gauche,departement,51 - Marne,raw_2022
Mme ARTHAUD Nathalie,1880,0.33,0.44,1,2022,LO,Extrême gauche,departement,74 - Haute-Savoie,raw_2022
M. ROUSSEL Fabien,1850,1.62,2.69,1,2022,PCF,Extrême gauche,departement,2A - Corse-du-Sud,raw_2022
M. POUTOU Philippe,1849,0.58,0.75,1,2022,NPA,Extrême gauche,departement,73 - Savoie,raw_2022
M. ROUSSEL Fabien,1833,1.42,1.95,1,2022,PCF,Extrême gauche,departement,52 - Haute-Marne,raw_2022
M. POUTOU Philippe,1829,0.61,0.8,1,2022,NPA,Extrême gauche,departement,81 - Tarn,raw_2022
M. DUPONT-AIGNAN Nicolas,1821,1.94,2.61,1,2022,DLF,Souverainiste,departement,90 - Territoire de Belfort,raw_2022
M. POUTOU Philippe,1817,0.71,0.92,1,2022,NPA,Extrême gauche,departement,07 - Ardèche,raw_2022
Mme HIDALGO Anne,1810,1.56,2.05,1,2022,PS,Gauche,departement,15 - Cantal,raw_2022
M. POUTOU Philippe,1787,0.68,0.88,1,2022,NPA,Extrême gauche,departement,87 - Haute-Vienne,raw_2022
Mme ARTHAUD Nathalie,1778,0.47,0.65,1,2022,LO,Extrême gauche,departement,51 - Marne,raw_2022
Mme ARTHAUD Nathalie,1775,0.48,0.63,1,2022,LO,Extrême gauche,departement,21 - Côte-d'Or,raw_2022
Mme ARTHAUD Nathalie,1768,0.32,0.43,1,2022,LO,Extrême gauche,departement,30 - Gard,raw_2022
M. POUTOU Philippe,1766,0.58,0.8,1,2022,NPA,Extrême gauche,departement,28 - Eure-et-Loir,raw_2022
M. POUTOU Philippe,1763,0.68,0.92,1,2022,NPA,Extrême gauche,departement,16 - Charente,raw_2022
M. POUTOU Philippe,1748,0.62,0.82,1,2022,NPA,Extrême gauche,departement,11 - Aude,raw_2022
Mme HIDALGO Anne,1741,0.94,1.3,1,2022,PS,Gauche,departement,08 - Ardennes,raw_2022
M. JADOT Yannick,1736,2.9,3.69,1,2022,EELV,Écologie,departement,48 - Lozère,raw_2022
Mme HIDALGO Anne,1720,0.84,1.15,1,2022,PS,Gauche,departement,10 - Aube,raw_2022
Mme ARTHAUD Nathalie,1715,0.56,0.74,1,2022,LO,Extrême gauche,departement,86 - Vienne,raw_2022
Mme ARTHAUD Nathalie,1677,0.32,0.42,1,2022,LO,Extrême gauche,departement,64 - Pyrénées-Atlantiques,raw_2022
Mme ARTHAUD Nathalie,1658,0.38,0.5,1,2022,LO,Extrême gauche,departement,01 - Ain,raw_2022
Mme ARTHAUD Nathalie,1644,0.6,0.79,1,2022,LO,Extrême gauche,departement,79 - Deux-Sèvres,raw_2022
Mme HIDALGO Anne,1641,1.8,2.45,1,2022,PS,Gauche,departement,23 - Creuse,raw_2022
Mme ARTHAUD Nathalie,1627,0.21,0.29,1,2022,LO,Extrême gauche,departement,06 - Alpes-Maritimes,raw_2022
M. DUPONT-AIGNAN Nicolas,1621,1.36,1.77,1,2022,DLF,Souverainiste,departement,09 - Ariège,raw_2022
Mme HIDALGO Anne,1583,0.65,1.07,1,2022,PS,Gauche,region,Corse,raw_2022
M. ZEMMOUR Éric,1573,1.53,4.39,1,2022,Rec,Extrême droite,departement,ZC - Guyane,raw_2022
Mme ARTHAUD Nathalie,1569,0.56,0.77,1,2022,LO,Extrême gauche,departement,88 - Vosges,raw_2022
M. DUPONT-AIGNAN Nicolas,1556,1.71,2.33,1,2022,DLF,Souverainiste,departement,23 - Creuse,raw_2022
M. DUPONT-AIGNAN Nicolas,1547,1.34,1.76,1,2022,DLF,Souverainiste,departement,15 - Cantal,raw_2022
M. POUTOU Philippe,1527,0.62,0.84,1,2022,NPA,Extrême gauche,departement,41 - Loir-et-Cher,raw_2022
M. POUTOU Philippe,1503,0.6,0.81,1,2022,NPA,Extrême gauche,departement,03 - Allier,raw_2022
M. POUTOU Philippe,1487,0.62,0.84,1,2022,NPA,Extrême gauche,departement,89 - Yonne,raw_2022
M. ROUSSEL Fabien,1485,1.58,2.13,1,2022,PCF,Extrême gauche,departement,90 - Territoire de Belfort,raw_2022
Mme HIDALGO Anne,1483,1.1,1.51,1,2022,PS,Gauche,departement,55 - Meuse,raw_2022
M. POUTOU Philippe,1463,0.65,0.91,1,2022,NPA,Extrême gauche,departement,18 - Cher,raw_2022
Mme HIDALGO Anne,1459,1.29,1.69,1,2022,PS,Gauche,departement,05 - Hautes-Alpes,raw_2022
Mme ARTHAUD Nathalie,1457,0.55,0.72,1,2022,LO,Extrême gauche,departement,87 - Haute-Vienne,raw_2022
Mme ARTHAUD Nathalie,1447,0.48,1.18,1,2022,LO,Extrême gauche,departement,ZB - Martinique,raw_2022
Mme LE PEN Marine,1445,5.92,17.27,1,2022,RN,Extrême droite,departement,ZX - Saint-Martin/Saint-Barthélemy,raw_2022
M. POUTOU Philippe,1437,0.6,0.78,1,2022,NPA,Extrême gauche,departement,47 - Lot-et-Garonne,raw_2022
Mme ARTHAUD Nathalie,1419,0.47,0.64,1,2022,LO,Extrême gauche,departement,28 - Eure-et-Loir,raw_2022
Mme HIDALGO Anne,1396,1.09,1.44,1,2022,PS,Gauche,departement,04 - Alpes-de-Haute-Provence,raw_2022
M. DUPONT-AIGNAN Nicolas,1374,1.06,1.75,1,2022,DLF,Souverainiste,departement,2B - Haute-Corse,raw_2022
M. POUTOU Philippe,1372,0.61,0.82,1,2022,NPA,Extrême gauche,departement,53 - Mayenne,raw_2022
M. POUTOU Philippe,1370,0.56,0.93,1,2022,NPA,Extrême gauche,region,Corse,raw_2022
Mme ARTHAUD Nathalie,1359,0.54,0.73,1,2022,LO,Extrême gauche,departement,03 - Allier,raw_2022
M. POUTOU Philippe,1354,0.62,0.79,1,2022,NPA,Extrême gauche,departement,12 - Aveyron,raw_2022
Mme PÉCRESSE Valérie,1354,14.21,25.27,1,2022,LR,Droite,departement,ZW - Wallis et Futuna,raw_2022
M. POUTOU Philippe,1343,0.7,0.92,1,2022,NPA,Extrême gauche,departement,39 - Jura,raw_2022
M. ROUSSEL Fabien,1343,2.25,2.86,1,2022,PCF,Extrême gauche,departement,48 - Lozère,raw_2022
M. POUTOU Philippe,1334,0.65,0.88,1,2022,NPA,Extrême gauche,departement,61 - Orne,raw_2022
Mme ARTHAUD Nathalie,1319,0.51,0.68,1,2022,LO,Extrême gauche,departement,16 - Charente,raw_2022
Mme ARTHAUD Nathalie,1312,0.36,0.49,1,2022,LO,Extrême gauche,departement,66 - Pyrénées-Orientales,raw_2022
Mme HIDALGO Anne,1305,1.01,1.39,1,2022,PS,Gauche,departement,52 - Haute-Marne,raw_2022
Mme ARTHAUD Nathalie,1304,0.58,0.81,1,2022,LO,Extrême gauche,departement,18 - Cher,raw_2022
Mme ARTHAUD Nathalie,1300,0.09,0.26,1,2022,LO,Extrême gauche,departement,ZZ - Français établis hors de France,raw_2022
M. POUTOU Philippe,1295,0.73,0.96,1,2022,NPA,Extrême gauche,departement,70 - Haute-Saône,raw_2022
Mme ARTHAUD Nathalie,1294,0.41,0.52,1,2022,LO,Extrême gauche,departement,24 - Dordogne,raw_2022
Mme ARTHAUD Nathalie,1273,0.57,0.76,1,2022,LO,Extrême gauche,departement,53 - Mayenne,raw_2022
Mme ARTHAUD Nathalie,1246,0.51,0.69,1,2022,LO,Extrême gauche,departement,41 - Loir-et-Cher,raw_2022
Mme ARTHAUD Nathalie,1221,0.3,0.4,1,2022,LO,Extrême gauche,departement,84 - Vaucluse,raw_2022
Mme ARTHAUD Nathalie,1219,0.48,0.62,1,2022,LO,Extrême gauche,departement,07 - Ardèche,raw_2022
M. DUPONT-AIGNAN Nicolas,1215,1.07,1.76,1,2022,DLF,Souverainiste,departement,2A - Corse-du-Sud,raw_2022
M. POUTOU Philippe,1205,0.67,0.86,1,2022,NPA,Extrême gauche,departement,43 - Haute-Loire,raw_2022
Mme ARTHAUD Nathalie,1205,0.38,0.49,1,2022,LO,Extrême gauche,departement,73 - Savoie,raw_2022
Mme ARTHAUD Nathalie,1203,0.59,0.8,1,2022,LO,Extrême gauche,departement,61 - Orne,raw_2022
Mme ARTHAUD Nathalie,1203,0.51,0.68,1,2022,LO,Extrême gauche,departement,89 - Yonne,raw_2022
M. POUTOU Philippe,1179,0.64,0.83,1,2022,NPA,Extrême gauche,departement,19 - Corrèze,raw_2022
Mme ARTHAUD Nathalie,1175,0.39,0.51,1,2022,LO,Extrême gauche,departement,81 - Tarn,raw_2022
Mme ARTHAUD Nathalie,1171,0.66,0.87,1,2022,LO,Extrême gauche,departement,70 - Haute-Saône,raw_2022
M. LASSALLE Jean,1162,0.38,0.95,1,2022,Rés,Divers,departement,ZB - Martinique,raw_2022
M. POUTOU Philippe,1155,0.7,0.95,1,2022,NPA,Extrême gauche,departement,36 - Indre,raw_2022
Mme ARTHAUD Nathalie,1115,0.34,0.43,1,2022,LO,Extrême gauche,departement,40 - Landes,raw_2022
M. POUTOU Philippe,1112,0.6,0.83,1,2022,NPA,Extrême gauche,departement,08 - Ardennes,raw_2022
M. ZEMMOUR Éric,1107,4.53,13.23,1,2022,Rec,Extrême droite,departement,ZX - Saint-Martin/Saint-Barthélemy,raw_2022
M. MÉLENCHON Jean-Luc,1105,21.9,40.91,1,2022,FI,Gauche radicale,departement,ZS - Saint-Pierre-et-Miquelon,raw_2022
Mme ARTHAUD Nathalie,1085,0.65,0.9,1,2022,LO,Extrême gauche,departement,36 - Indre,raw_2022
Mme ARTHAUD Nathalie,1084,0.34,0.8,1,2022,LO,Extrême gauche,departement,ZA - Guadeloupe,raw_2022
Mme ARTHAUD Nathalie,1081,0.58,0.81,1,2022,LO,Extrême gauche,departement,08 - Ardennes,raw_2022
M. POUTOU Philippe,1062,0.52,0.71,1,2022,NPA,Extrême gauche,departement,10 - Aube,raw_2022
M. POUTOU Philippe,1057,0.56,0.72,1,2022,NPA,Extrême gauche,departement,82 - Tarn-et-Garonne,raw_2022
Mme ARTHAUD Nathalie,1053,0.55,0.73,1,2022,LO,Extrême gauche,departement,39 - Jura,raw_2022
Mme HIDALGO Anne,1052,1.12,1.51,1,2022,PS,Gauche,departement,90 - Territoire de Belfort,raw_2022
Mme HIDALGO Anne,1045,1.75,2.22,1,2022,PS,Gauche,departement,48 - Lozère,raw_2022
M. LASSALLE Jean,1033,0.33,0.76,1,2022,Rés,Divers,departement,ZA - Guadeloupe,raw_2022
M. LASSALLE Jean,1031,0.47,1.46,1,2022,Rés,Divers,departement,ZN - Nouvelle-Calédonie,raw_2022
Mme ARTHAUD Nathalie,1026,0.37,0.48,1,2022,LO,Extrême gauche,departement,11 - Aude,raw_2022
Mme ARTHAUD Nathalie,1020,0.56,0.73,1,2022,LO,Extrême gauche,departement,43 - Haute-Loire,raw_2022
M. POUTOU Philippe,1010,0.66,0.9,1,2022,NPA,Extrême gauche,departement,58 - Nièvre,raw_2022
Mme ARTHAUD Nathalie,1005,0.49,0.67,1,2022,LO,Extrême gauche,departement,10 - Aube,raw_2022
M. POUTOU Philippe,1003,0.57,0.74,1,2022,NPA,Extrême gauche,departement,65 - Hautes-Pyrénées,raw_2022
Mme PÉCRESSE Valérie,997,0.97,2.78,1,2022,LR,Droite,departement,ZC - Guyane,raw_2022
M. POUTOU Philippe,977,0.32,0.79,1,2022,NPA,Extrême gauche,departement,ZB - Martinique,raw_2022
M. POUTOU Philippe,976,0.7,0.89,1,2022,NPA,Extrême gauche,departement,46 - Lot,raw_2022
Mme HIDALGO Anne,963,0.44,1.37,1,2022,PS,Gauche,departement,ZN - Nouvelle-Calédonie,raw_2022
Mme HIDALGO Anne,959,0.74,1.22,1,2022,PS,Gauche,departement,2B - Haute-Corse,raw_2022
M. JADOT Yannick,940,0.91,2.62,1,2022,EELV,Écologie,departement,ZC - Guyane,raw_2022
M. DUPONT-AIGNAN Nicolas,913,1.53,1.94,1,2022,DLF,Souverainiste,departement,48 - Lozère,raw_2022
Mme ARTHAUD Nathalie,894,0.41,0.52,1,2022,LO,Extrême gauche,departement,12 - Aveyron,raw_2022
Mme ARTHAUD Nathalie,889,0.37,0.48,1,2022,LO,Extrême gauche,departement,47 - Lot-et-Garonne,raw_2022
Mme ARTHAUD Nathalie,885,0.48,0.62,1,2022,LO,Extrême gauche,departement,19 - Corrèze,raw_2022
M. POUTOU Philippe,883,0.66,0.9,1,2022,NPA,Extrême gauche,departement,55 - Meuse,raw_2022
M. POUTOU Philippe,865,0.68,0.89,1,2022,NPA,Extrême gauche,departement,04 - Alpes-de-Haute-Provence,raw_2022
Mme HIDALGO Anne,865,0.42,1.44,1,2022,PS,Gauche,departement,ZP - Polynésie française,raw_2022
Mme ARTHAUD Nathalie,833,0.54,0.74,1,2022,LO,Extrême gauche,departement,58 - Nièvre,raw_2022
Mme ARTHAUD Nathalie,808,0.39,1.35,1,2022,LO,Extrême gauche,departement,ZP - Polynésie française,raw_2022
M. POUTOU Philippe,801,0.71,0.93,1,2022,NPA,Extrême gauche,departement,05 - Hautes-Alpes,raw_2022
M. POUTOU Philippe,793,0.54,0.68,1,2022,NPA,Extrême gauche,departement,32 - Gers,raw_2022
M. POUTOU Philippe,762,0.59,0.97,1,2022,NPA,Extrême gauche,departement,2B - Haute-Corse,raw_2022
M. POUTOU Philippe,747,0.58,0.8,1,2022,NPA,Extrême gauche,departement,52 - Haute-Marne,raw_2022
M. ROUSSEL Fabien,747,0.25,0.61,1,2022,PCF,Extrême gauche,departement,ZB - Martinique,raw_2022
M. POUTOU Philippe,723,0.61,0.79,1,2022,NPA,Extrême gauche,departement,09 - Ariège,raw_2022
M. DUPONT-AIGNAN Nicolas,717,0.7,2.0,1,2022,DLF,Souverainiste,departement,ZC - Guyane,raw_2022
M. POUTOU Philippe,713,0.23,0.53,1,2022,NPA,Extrême gauche,departement,ZA - Guadeloupe,raw_2022
Mme ARTHAUD Nathalie,702,0.52,0.71,1,2022,LO,Extrême gauche,departement,55 - Meuse,raw_2022
Mme ARTHAUD Nathalie,696,0.54,0.74,1,2022,LO,Extrême gauche,departement,52 - Haute-Marne,raw_2022
Mme ARTHAUD Nathalie,679,0.36,0.47,1,2022,LO,Extrême gauche,departement,82 - Tarn-et-Garonne,raw_2022
M. ROUSSEL Fabien,668,0.21,0.49,1,2022,PCF,Extrême gauche,departement,ZA - Guadeloupe,raw_2022
M. POUTOU Philippe,665,0.73,0.99,1,2022,NPA,Extrême gauche,departement,23 - Creuse,raw_2022
M. POUTOU Philippe,650,0.56,0.74,1,2022,NPA,Extrême gauche,departement,15 - Cantal,raw_2022
Mme ARTHAUD Nathalie,636,0.36,0.47,1,2022,LO,Extrême gauche,departement,65 - Hautes-Pyrénées,raw_2022
Mme HIDALGO Anne,624,0.55,0.91,1,2022,PS,Gauche,departement,2A - Corse-du-Sud,raw_2022
Mme ARTHAUD Nathalie,618,0.44,0.56,1,2022,LO,Extrême gauche,departement,46 - Lot,raw_2022
M. LASSALLE Jean,610,0.3,1.02,1,2022,Rés,Divers,departement,ZP - Polynésie française,raw_2022
M. POUTOU Philippe,608,0.53,0.88,1,2022,NPA,Extrême gauche,departement,2A - Corse-du-Sud,raw_2022
M. POUTOU Philippe,603,0.64,0.87,1,2022,NPA,Extrême gauche,departement,90 - Territoire de Belfort,raw_2022
Mme LE PEN Marine,579,6.08,10.8,1,2022,RN,Extrême droite,departement,ZW - Wallis et Futuna,raw_2022
Mme ARTHAUD Nathalie,565,0.26,0.8,1,2022,LO,Extrême gauche,departement,ZN - Nouvelle-Calédonie,raw_2022
Mme ARTHAUD Nathalie,560,0.6,0.8,1,2022,LO,Extrême gauche,departement,90 - Territoire de Belfort,raw_2022
M. POUTOU Philippe,560,0.26,0.79,1,2022,NPA,Extrême gauche,departement,ZN - Nouvelle-Calédonie,raw_2022
Mme ARTHAUD Nathalie,555,0.48,0.63,1,2022,LO,Extrême gauche,departement,15 - Cantal,raw_2022
Mme HIDALGO Anne,535,0.52,1.49,1,2022,PS,Gauche,departement,ZC - Guyane,raw_2022
M. MACRON Emmanuel,534,10.58,19.77,1,2022,LREM,Centre,departement,ZS - Saint-Pierre-et-Miquelon,raw_2022
M. DUPONT-AIGNAN Nicolas,530,0.57,1.51,1,2022,DLF,Souverainiste,departement,ZM - Mayotte,raw_2022
Mme ARTHAUD Nathalie,529,0.36,0.45,1,2022,LO,Extrême gauche,departement,32 - Gers,raw_2022
M. LASSALLE Jean,516,0.5,1.44,1,2022,Rés,Divers,departement,ZC - Guyane,raw_2022
Mme ARTHAUD Nathalie,505,0.39,0.52,1,2022,LO,Extrême gauche,departement,04 - Alpes-de-Haute-Provence,raw_2022
M. MÉLENCHON Jean-Luc,501,5.26,9.35,1,2022,FI,Gauche radicale,departement,ZW - Wallis et Futuna,raw_2022
Mme ARTHAUD Nathalie,490,0.54,0.73,1,2022,LO,Extrême gauche,departement,23 - Creuse,raw_2022
M. ZEMMOUR Éric,482,0.52,1.38,1,2022,Rec,Extrême droite,departement,ZM - Mayotte,raw_2022
M. POUTOU Philippe,462,0.45,1.29,1,2022,NPA,Extrême gauche,departement,ZC - Guyane,raw_2022
Mme LE PEN Marine,459,9.1,16.99,1,2022,RN,Extrême droite,departement,ZS - Saint-Pierre-et-Miquelon,raw_2022
Mme ARTHAUD Nathalie,454,0.19,0.31,1,2022,LO,Extrême gauche,region,Corse,raw_2022
M. POUTOU Philippe,451,0.22,0.75,1,2022,NPA,Extrême gauche,departement,ZP - Polynésie française,raw_2022
Mme ARTHAUD Nathalie,430,0.47,1.23,1,2022,LO,Extrême gauche,departement,ZM - Mayotte,raw_2022
Mme ARTHAUD Nathalie,428,0.38,0.5,1,2022,LO,Extrême gauche,departement,05 - Hautes-Alpes,raw_2022
M. POUTOU Philippe,426,0.71,0.91,1,2022,NPA,Extrême gauche,departement,48 - Lozère,raw_2022
Mme ARTHAUD Nathalie,417,0.35,0.45,1,2022,LO,Extrême gauche,departement,09 - Ariège,raw_2022
M. ROUSSEL Fabien,399,0.18,0.57,1,2022,PCF,Extrême gauche,departement,ZN - Nouvelle-Calédonie,raw_2022
M. ROUSSEL Fabien,368,0.18,0.61,1,2022,PCF,Extrême gauche,departement,ZP - Polynésie française,raw_2022
M. LASSALLE Jean,359,0.39,1.02,1,2022,Rés,Divers,departement,ZM - Mayotte,raw_2022
Mme PÉCRESSE Valérie,354,1.45,4.23,1,2022,LR,Droite,departement,ZX - Saint-Martin/Saint-Barthélemy,raw_2022
M. DUPONT-AIGNAN Nicolas,339,1.39,4.05,1,2022,DLF,Souverainiste,departement,ZX - Saint-Martin/Saint-Barthélemy,raw_2022
M. POUTOU Philippe,328,0.36,0.94,1,2022,NPA,Extrême gauche,departement,ZM - Mayotte,raw_2022
Mme HIDALGO Anne,318,0.34,0.91,1,2022,PS,Gauche,departement,ZM - Mayotte,raw_2022
Mme ARTHAUD Nathalie,297,0.29,0.83,1,2022,LO,Extrême gauche,departement,ZC - Guyane,raw_2022
M. JADOT Yannick,295,0.32,0.84,1,2022,EELV,Écologie,departement,ZM - Mayotte,raw_2022
Mme ARTHAUD Nathalie,257,0.2,0.33,1,2022,LO,Extrême gauche,departement,2B - Haute-Corse,raw_2022
M. JADOT Yannick,247,1.01,2.95,1,2022,EELV,Écologie,departement,ZX - Saint-Martin/Saint-Barthélemy,raw_2022
M. ROUSSEL Fabien,246,0.24,0.69,1,2022,PCF,Extrême gauche,departement,ZC - Guyane,raw_2022
M. DUPONT-AIGNAN Nicolas,244,2.56,4.55,1,2022,DLF,Souverainiste,departement,ZW - Wallis et Futuna,raw_2022
Mme ARTHAUD Nathalie,235,0.39,0.5,1,2022,LO,Extrême gauche,departement,48 - Lozère,raw_2022
M. LASSALLE Jean,208,0.85,2.49,1,2022,Rés,Divers,departement,ZX - Saint-Martin/Saint-Barthélemy,raw_2022
M. ROUSSEL Fabien,206,0.22,0.59,1,2022,PCF,Extrême gauche,departement,ZM - Mayotte,raw_2022
Mme ARTHAUD Nathalie,197,0.17,0.29,1,2022,LO,Extrême gauche,departement,2A - Corse-du-Sud,raw_2022
M. ZEMMOUR Éric,118,1.24,2.2,1,2022,Rec,Extrême droite,departement,ZW - Wallis et Futuna,raw_2022
Mme HIDALGO Anne,118,1.24,2.2,1,2022,PS,Gauche,departement,ZW - Wallis et Futuna,raw_2022
M. JADOT Yannick,116,2.3,4.29,1,2022,EELV,Écologie,departement,ZS - Saint-Pierre-et-Miquelon,raw_2022
M. LASSALLE Jean,108,2.14,4.0,1,2022,Rés,Divers,departement,ZS - Saint-Pierre-et-Miquelon,raw_2022
Mme ARTHAUD Nathalie,98,1.03,1.83,1,2022,LO,Extrême gauche,departement,ZW - Wallis et Futuna,raw_2022
Mme HIDALGO Anne,92,0.38,1.1,1,2022,PS,Gauche,departement,ZX - Saint-Martin/Saint-Barthélemy,raw_2022
M. DUPONT-AIGNAN Nicolas,82,1.63,3.04,1,2022,DLF,Souverainiste,departement,ZS - Saint-Pierre-et-Miquelon,raw_2022
M. ZEMMOUR Éric,80,1.59,2.96,1,2022,Rec,Extrême droite,departement,ZS - Saint-Pierre-et-Miquelon,raw_2022
M. LASSALLE Jean,78,0.82,1.46,1,2022,Rés,Divers,departement,ZW - Wallis et Futuna,raw_2022
Mme HIDALGO Anne,75,1.49,2.78,1,2022,PS,Gauche,departement,ZS - Saint-Pierre-et-Miquelon,raw_2022
M. JADOT Yannick,72,0.76,1.34,1,2022,EELV,Écologie,departement,ZW - Wallis et Futuna,raw_2022
M. POUTOU Philippe,63,0.26,0.75,1,2022,NPA,Extrême gauche,departement,ZX - Saint-Martin/Saint-Barthélemy,raw_2022
Mme PÉCRESSE Valérie,51,1.01,1.89,1,2022,LR,Droite,departement,ZS - Saint-Pierre-et-Miquelon,raw_2022
M. POUTOU Philippe,50,0.99,1.85,1,2022,NPA,Extrême gauche,departement,ZS - Saint-Pierre-et-Miquelon,raw_2022
M. POUTOU Philippe,48,0.5,0.9,1,2022,NPA,Extrême gauche,departement,ZW - Wallis et Futuna,raw_2022
M. ROUSSEL Fabien,48,0.2,0.57,1,2022,PCF,Extrême gauche,departement,ZX - Saint-Martin/Saint-Barthélemy,raw_2022
Mme ARTHAUD Nathalie,41,0.17,0.49,1,2022,LO,Extrême gauche,departement,ZX - Saint-Martin/Saint-Barthélemy,raw_2022
M. ROUSSEL Fabien,34,0.36,0.63,1,2022,PCF,Extrême gauche,departement,ZW - Wallis et Futuna,raw_2022
Mme ARTHAUD Nathalie,22,0.44,0.81,1,2022,LO,Extrême gauche,departement,ZS - Saint-Pierre-et-Miquelon,raw_2022
M. ROUSSEL Fabien,19,0.38,0.7,1,2022,PCF,Extrême gauche,departement,ZS - Saint-Pierre-et-Miquelon,raw_2022
M. MACRON Emmanuel,18768639,38.5,58.55,2,2022,LREM,Centre,national,France,raw_2022
Mme LE PEN Marine,13288686,27.26,41.45,2,2022,RN,Extrême droite,national,France,raw_2022
M. MACRON Emmanuel,3494501,47.52,73.02,2,2022,LREM,Centre,region,Ile-de-France,raw_2022
M. MACRON Emmanuel,2251392,40.5,59.76,2,2022,LREM,Centre,region,Auvergne-Rhone-Alpes,raw_2022
M. MACRON Emmanuel,1766960,39.59,58.33,2,2022,LREM,Centre,region,Nouvelle-Aquitaine,raw_2022
M. MACRON Emmanuel,1572080,36.35,53.96,2,2022,LREM,Centre,region,Occitanie,raw_2022
Mme LE PEN Marine,1515717,27.27,40.24,2,2022,RN,Extrême droite,region,Auvergne-Rhone-Alpes,raw_2022
Mme LE PEN Marine,1506910,35.4,52.14,2,2022,RN,Extrême droite,region,Hauts-de-France,raw_2022
M. MACRON Emmanuel,1383212,32.5,47.86,2,2022,LREM,Centre,region,Hauts-de-France,raw_2022
M. MACRON Emmanuel,1371637,35.5,52.07,2,2022,LREM,Centre,region,Grand Est,raw_2022
Mme LE PEN Marine,1341138,31.01,46.04,2,2022,RN,Extrême droite,region,Occitanie,raw_2022
Mme LE PEN Marine,1291334,17.56,26.98,2,2022,RN,Extrême droite,region,Ile-de-France,raw_2022
M. MACRON Emmanuel,1281658,45.23,64.92,2,2022,LREM,Centre,region,Pays de la Loire,raw_2022
Mme LE PEN Marine,1262558,32.67,47.93,2,2022,RN,Extrême droite,region,Grand Est,raw_2022
Mme LE PEN Marine,1262321,28.28,41.67,2,2022,RN,Extrême droite,region,Nouvelle-Aquitaine,raw_2022
Mme LE PEN Marine,1237817,33.78,50.48,2,2022,RN,Extrême droite,region,Provence-Alpes-Cote d'Azur,raw_2022
M. MACRON Emmanuel,1214186,33.13,49.52,2,2022,LREM,Centre,region,Provence-Alpes-Cote d'Azur,raw_2022
M. MACRON Emmanuel,1202202,46.91,66.58,2,2022,LREM,Centre,region,Bretagne,raw_2022
M. MACRON Emmanuel,936566,38.79,55.84,2,2022,LREM,Centre,region,Normandie,raw_2022
M. MACRON Emmanuel,818469,24.19,58.7,2,2022,LREM,Centre,region,Inconnu,raw_2022
M. MACRON Emmanuel,808107,59.05,85.11,2,2022,LREM,Centre,departement,75 - Paris,raw_2022
Mme LE PEN Marine,740590,30.67,44.16,2,2022,RN,Extrême droite,region,Normandie,raw_2022
M. MACRON Emmanuel,713977,35.83,52.88,2,2022,LREM,Centre,region,Bourgogne-Franche-Comte,raw_2022
M. MACRON Emmanuel,705704,38.4,56.44,2,2022,LREM,Centre,region,Centre-Val de Loire,raw_2022
Mme LE PEN Marine,692631,24.44,35.08,2,2022,RN,Extrême droite,region,Pays de la Loire,raw_2022
Mme LE PEN Marine,636161,31.93,47.12,2,2022,RN,Extrême droite,region,Bourgogne-Franche-Comte,raw_2022
M. MACRON Emmanuel,633569,34.91,52.83,2,2022,LREM,Centre,departement,59 - Nord,raw_2022
Mme LE PEN Marine,603409,23.55,33.42,2,2022,RN,Extrême droite,region,Bretagne,raw_2022
Mme LE PEN Marine,575821,17.02,41.3,2,2022,RN,Extrême droite,region,Inconnu,raw_2022
Mme LE PEN Marine,565618,31.17,47.17,2,2022,RN,Extrême droite,departement,59 - Nord,raw_2022
M. MACRON Emmanuel,552124,55.31,80.39,2,2022,LREM,Centre,departement,92 - Hauts-de-Seine,raw_2022
M. MACRON Emmanuel,550592,46.59,68.65,2,2022,LREM,Centre,departement,69 - Rhône,raw_2022
Mme LE PEN Marine,544558,29.63,43.56,2,2022,RN,Extrême droite,region,Centre-Val de Loire,raw_2022
M. MACRON Emmanuel,505179,47.79,69.48,2,2022,LREM,Centre,departement,44 - Loire-Atlantique,raw_2022
M. MACRON Emmanuel,484771,41.84,61.37,2,2022,LREM,Centre,departement,33 - Gironde,raw_2022
M. MACRON Emmanuel,481129,34.08,52.08,2,2022,LREM,Centre,departement,13 - Bouches-du-Rhône,raw_2022
M. MACRON Emmanuel,464913,48.35,71.05,2,2022,LREM,Centre,departement,78 - Yvelines,raw_2022
M. MACRON Emmanuel,458874,32.14,86.14,2,2022,LREM,Centre,departement,ZZ - Français établis hors de France,raw_2022
Mme LE PEN Marine,442759,31.37,47.92,2,2022,RN,Extrême droite,departement,13 - Bouches-du-Rhône,raw_2022
Mme LE PEN Marine,437820,40.03,57.5,2,2022,RN,Extrême droite,departement,62 - Pas-de-Calais,raw_2022
M. MACRON Emmanuel,409622,44.02,64.42,2,2022,LREM,Centre,departement,31 - Haute-Garonne,raw_2022
M. MACRON Emmanuel,390330,50.57,70.94,2,2022,LREM,Centre,departement,35 - Ille-et-Vilaine,raw_2022
M. MACRON Emmanuel,376204,47.22,74.48,2,2022,LREM,Centre,departement,94 - Val-de-Marne,raw_2022
M. MACRON Emmanuel,359596,40.6,59.82,2,2022,LREM,Centre,departement,38 - Isère,raw_2022
M. MACRON Emmanuel,338569,42.33,65.43,2,2022,LREM,Centre,departement,91 - Essonne,raw_2022
M. MACRON Emmanuel,332396,46.83,67.5,2,2022,LREM,Centre,departement,29 - Finistère,raw_2022
M. MACRON Emmanuel,332146,37.76,55.28,2,2022,LREM,Centre,departement,76 - Seine-Maritime,raw_2022
M. MACRON Emmanuel,328698,36.53,56.97,2,2022,LREM,Centre,departement,77 - Seine-et-Marne,raw_2022
M. MACRON Emmanuel,326057,41.05,73.72,2,2022,LREM,Centre,departement,93 - Seine-Saint-Denis,raw_2022
M. MACRON Emmanuel,323661,29.59,42.5,2,2022,LREM,Centre,departement,62 - Pas-de-Calais,raw_2022
M. MACRON Emmanuel,319370,41.0,59.0,2,2022,LREM,Centre,departement,67 - Bas-Rhin,raw_2022
Mme LE PEN Marine,310137,37.77,55.1,2,2022,RN,Extrême droite,departement,83 - Var,raw_2022
Mme LE PEN Marine,305112,26.34,38.63,2,2022,RN,Extrême droite,departement,33 - Gironde,raw_2022
M. MACRON Emmanuel,299829,40.86,66.15,2,2022,LREM,Centre,departement,95 - Val-d'Oise,raw_2022
M. MACRON Emmanuel,297066,35.05,52.58,2,2022,LREM,Centre,departement,34 - Hérault,raw_2022
M. MACRON Emmanuel,274813,46.62,66.53,2,2022,LREM,Centre,departement,49 - Maine-et-Loire,raw_2022
M. MACRON Emmanuel,269755,44.27,62.81,2,2022,LREM,Centre,departement,56 - Morbihan,raw_2022
Mme LE PEN Marine,268699,30.55,44.72,2,2022,RN,Extrême droite,departement,76 - Seine-Maritime,raw_2022
Mme LE PEN Marine,267908,31.61,47.42,2,2022,RN,Extrême droite,departement,34 - Hérault,raw_2022
M. MACRON Emmanuel,261989,33.64,50.13,2,2022,LREM,Centre,departement,06 - Alpes-Maritimes,raw_2022
Mme LE PEN Marine,260629,33.47,49.87,2,2022,RN,Extrême droite,departement,06 - Alpes-Maritimes,raw_2022
M. MACRON Emmanuel,252720,30.78,44.9,2,2022,LREM,Centre,departement,83 - Var,raw_2022
Mme LE PEN Marine,251470,21.28,31.35,2,2022,RN,Extrême droite,departement,69 - Rhône,raw_2022
M. MACRON Emmanuel,249556,33.45,50.46,2,2022,LREM,Centre,departement,57 - Moselle,raw_2022
Mme LE PEN Marine,248317,27.6,43.03,2,2022,RN,Extrême droite,departement,77 - Seine-et-Marne,raw_2022
Mme LE PEN Marine,244993,32.83,49.54,2,2022,RN,Extrême droite,departement,57 - Moselle,raw_2022
M. MACRON Emmanuel,244494,44.36,61.86,2,2022,LREM,Centre,departement,85 - Vendée,raw_2022
Mme LE PEN Marine,241584,27.28,40.18,2,2022,RN,Extrême droite,departement,38 - Isère,raw_2022
M. MACRON Emmanuel,236764,41.84,61.69,2,2022,LREM,Centre,departement,74 - Haute-Savoie,raw_2022
Mme LE PEN Marine,226250,24.31,35.58,2,2022,RN,Extrême droite,departement,31 - Haute-Garonne,raw_2022
Mme LE PEN Marine,221958,28.49,41.0,2,2022,RN,Extrême droite,departement,67 - Bas-Rhin,raw_2022
Mme LE PEN Marine,221934,20.99,30.52,2,2022,RN,Extrême droite,departement,44 - Loire-Atlantique,raw_2022
M. MACRON Emmanuel,219719,42.26,63.05,2,2022,LREM,Centre,departement,64 - Pyrénées-Atlantiques,raw_2022
M. MACRON Emmanuel,218579,42.67,60.29,2,2022,LREM,Centre,departement,14 - Calvados,raw_2022
Mme LE PEN Marine,216967,32.09,59.56,2,2022,RN,Extrême droite,departement,ZD - La Réunion,raw_2022
M. MACRON Emmanuel,209721,44.46,62.9,2,2022,LREM,Centre,departement,22 - Côtes-d'Armor,raw_2022
Mme LE PEN Marine,203866,36.13,52.73,2,2022,RN,Extrême droite,departement,60 - Oise,raw_2022
M. MACRON Emmanuel,201159,38.76,56.32,2,2022,LREM,Centre,departement,17 - Charente-Maritime,raw_2022
M. MACRON Emmanuel,194879,37.92,56.64,2,2022,LREM,Centre,departement,42 - Loire,raw_2022
Mme LE PEN Marine,193666,34.88,52.15,2,2022,RN,Extrême droite,departement,30 - Gard,raw_2022
M. MACRON Emmanuel,191814,36.06,52.9,2,2022,LREM,Centre,departement,68 - Haut-Rhin,raw_2022
Mme LE PEN Marine,189475,19.7,28.95,2,2022,RN,Extrême droite,departement,78 - Yvelines,raw_2022
M. MACRON Emmanuel,188468,40.26,60.16,2,2022,LREM,Centre,departement,63 - Puy-de-Dôme,raw_2022
M. MACRON Emmanuel,188421,42.75,62.72,2,2022,LREM,Centre,departement,37 - Indre-et-Loire,raw_2022
M. MACRON Emmanuel,182791,32.4,47.27,2,2022,LREM,Centre,departement,60 - Oise,raw_2022
M. MACRON Emmanuel,180882,39.51,57.57,2,2022,LREM,Centre,departement,45 - Loiret,raw_2022
M. MACRON Emmanuel,179237,36.41,54.41,2,2022,LREM,Centre,departement,54 - Meurthe-et-Moselle,raw_2022
Mme LE PEN Marine,178908,22.37,34.57,2,2022,RN,Extrême droite,departement,91 - Essonne,raw_2022
M. MACRON Emmanuel,177669,32.0,47.85,2,2022,LREM,Centre,departement,30 - Gard,raw_2022
Mme LE PEN Marine,170781,32.11,47.1,2,2022,RN,Extrême droite,departement,68 - Haut-Rhin,raw_2022
M. MACRON Emmanuel,166635,38.02,54.99,2,2022,LREM,Centre,departement,01 - Ain,raw_2022
Mme LE PEN Marine,160073,22.55,32.5,2,2022,RN,Extrême droite,departement,29 - Finistère,raw_2022
Mme LE PEN Marine,159930,20.72,29.06,2,2022,RN,Extrême droite,departement,35 - Ille-et-Vilaine,raw_2022
M. MACRON Emmanuel,159815,41.55,59.61,2,2022,LREM,Centre,departement,50 - Manche,raw_2022
Mme LE PEN Marine,159717,26.21,37.19,2,2022,RN,Extrême droite,departement,56 - Morbihan,raw_2022
Mme LE PEN Marine,156020,30.07,43.68,2,2022,RN,Extrême droite,departement,17 - Charente-Maritime,raw_2022
Mme LE PEN Marine,155086,35.88,51.38,2,2022,RN,Extrême droite,departement,27 - Eure,raw_2022
M. MACRON Emmanuel,154909,37.67,55.41,2,2022,LREM,Centre,departement,72 - Sarthe,raw_2022
Mme LE PEN Marine,153446,20.91,33.85,2,2022,RN,Extrême droite,departement,95 - Val-d'Oise,raw_2022
Mme LE PEN Marine,153069,40.97,59.91,2,2022,RN,Extrême droite,departement,02 - Aisne,raw_2022
Mme LE PEN Marine,150772,27.35,38.14,2,2022,RN,Extrême droite,departement,85 - Vendée,raw_2022
Mme LE PEN Marine,150177,30.51,45.59,2,2022,RN,Extrême droite,departement,54 - Meurthe-et-Moselle,raw_2022
Mme LE PEN Marine,149174,29.02,43.36,2,2022,RN,Extrême droite,departement,42 - Loire,raw_2022
M. MACRON Emmanuel,147297,21.79,40.44,2,2022,LREM,Centre,departement,ZD - La Réunion,raw_2022
Mme LE PEN Marine,147032,25.99,38.31,2,2022,RN,Extrême droite,departement,74 - Haute-Savoie,raw_2022
M. MACRON Emmanuel,146751,33.95,48.62,2,2022,LREM,Centre,departement,27 - Eure,raw_2022
Mme LE PEN Marine,146537,35.75,51.0,2,2022,RN,Extrême droite,departement,80 - Somme,raw_2022
Mme LE PEN Marine,145707,35.39,52.0,2,2022,RN,Extrême droite,departement,84 - Vaucluse,raw_2022
M. MACRON Emmanuel,144990,35.98,53.33,2,2022,LREM,Centre,departement,71 - Saône-et-Loire,raw_2022
M. MACRON Emmanuel,144545,39.4,57.27,2,2022,LREM,Centre,departement,21 - Côte-d'Or,raw_2022
Mme LE PEN Marine,143960,28.11,39.71,2,2022,RN,Extrême droite,departement,14 - Calvados,raw_2022
M. MACRON Emmanuel,143697,37.59,55.72,2,2022,LREM,Centre,departement,26 - Drôme,raw_2022
M. MACRON Emmanuel,141917,38.52,57.16,2,2022,LREM,Centre,departement,25 - Doubs,raw_2022
Mme LE PEN Marine,141405,10.33,14.89,2,2022,RN,Extrême droite,departement,75 - Paris,raw_2022
M. MACRON Emmanuel,140763,34.34,49.0,2,2022,LREM,Centre,departement,80 - Somme,raw_2022
Mme LE PEN Marine,138261,23.46,33.47,2,2022,RN,Extrême droite,departement,49 - Maine-et-Loire,raw_2022
Mme LE PEN Marine,136610,37.72,56.33,2,2022,RN,Extrême droite,departement,66 - Pyrénées-Orientales,raw_2022
Mme LE PEN Marine,136370,31.12,45.01,2,2022,RN,Extrême droite,departement,01 - Ain,raw_2022
M. MACRON Emmanuel,136025,35.72,52.1,2,2022,LREM,Centre,departement,51 - Marne,raw_2022
Mme LE PEN Marine,134685,13.49,19.61,2,2022,RN,Extrême droite,departement,92 - Hauts-de-Seine,raw_2022
M. MACRON Emmanuel,134476,32.66,48.0,2,2022,LREM,Centre,departement,84 - Vaucluse,raw_2022
Mme LE PEN Marine,133331,29.13,42.43,2,2022,RN,Extrême droite,departement,45 - Loiret,raw_2022
Mme LE PEN Marine,128873,16.17,25.52,2,2022,RN,Extrême droite,departement,94 - Val-de-Marne,raw_2022
Mme LE PEN Marine,128742,24.76,36.95,2,2022,RN,Extrême droite,departement,64 - Pyrénées-Atlantiques,raw_2022
M. MACRON Emmanuel,128363,38.97,56.54,2,2022,LREM,Centre,departement,40 - Landes,raw_2022
Mme LE PEN Marine,126860,31.48,46.67,2,2022,RN,Extrême droite,departement,71 - Saône-et-Loire,raw_2022
M. MACRON Emmanuel,125676,39.18,57.65,2,2022,LREM,Centre,departement,73 - Savoie,raw_2022
M. MACRON Emmanuel,125138,40.88,60.12,2,2022,LREM,Centre,departement,86 - Vienne,raw_2022
Mme LE PEN Marine,125046,32.84,47.9,2,2022,RN,Extrême droite,departement,51 - Marne,raw_2022
Mme LE PEN Marine,124825,26.66,39.84,2,2022,RN,Extrême droite,departement,63 - Puy-de-Dôme,raw_2022
Mme LE PEN Marine,124658,30.31,44.59,2,2022,RN,Extrême droite,departement,72 - Sarthe,raw_2022
Mme LE PEN Marine,123689,26.22,37.1,2,2022,RN,Extrême droite,departement,22 - Côtes-d'Armor,raw_2022
M. MACRON Emmanuel,117804,43.11,62.13,2,2022,LREM,Centre,departement,79 - Deux-Sèvres,raw_2022
Mme LE PEN Marine,116225,14.63,26.28,2,2022,RN,Extrême droite,departement,93 - Seine-Saint-Denis,raw_2022
Mme LE PEN Marine,114217,29.88,44.28,2,2022,RN,Extrême droite,departement,26 - Drôme,raw_2022
Mme LE PEN Marine,112019,25.42,37.28,2,2022,RN,Extrême droite,departement,37 - Indre-et-Loire,raw_2022
M. MACRON Emmanuel,111182,34.95,51.5,2,2022,LREM,Centre,departement,24 - Dordogne,raw_2022
M. MACRON Emmanuel,109744,36.1,53.29,2,2022,LREM,Centre,departement,28 - Eure-et-Loir,raw_2022
Mme LE PEN Marine,108294,28.15,40.39,2,2022,RN,Extrême droite,departement,50 - Manche,raw_2022
Mme LE PEN Marine,107866,29.41,42.73,2,2022,RN,Extrême droite,departement,21 - Côte-d'Or,raw_2022
M. MACRON Emmanuel,106768,35.81,53.06,2,2022,LREM,Centre,departement,81 - Tarn,raw_2022
Mme LE PEN Marine,106348,28.86,42.84,2,2022,RN,Extrême droite,departement,25 - Doubs,raw_2022
M. MACRON Emmanuel,105893,29.24,43.67,2,2022,LREM,Centre,departement,66 - Pyrénées-Orientales,raw_2022
Mme LE PEN Marine,104687,32.91,48.5,2,2022,RN,Extrême droite,departement,24 - Dordogne,raw_2022
Mme LE PEN Marine,104038,37.16,54.9,2,2022,RN,Extrême droite,departement,11 - Aude,raw_2022
M. MACRON Emmanuel,103329,39.17,59.18,2,2022,LREM,Centre,departement,87 - Haute-Vienne,raw_2022
M. MACRON Emmanuel,102428,27.41,40.09,2,2022,LREM,Centre,departement,02 - Aisne,raw_2022
M. MACRON Emmanuel,102263,45.49,64.21,2,2022,LREM,Centre,departement,53 - Mayenne,raw_2022
Mme LE PEN Marine,100853,36.29,52.42,2,2022,RN,Extrême droite,departement,88 - Vosges,raw_2022
Mme LE PEN Marine,98682,29.96,43.46,2,2022,RN,Extrême droite,departement,40 - Landes,raw_2022
Mme LE PEN Marine,96185,31.64,46.71,2,2022,RN,Extrême droite,departement,28 - Eure-et-Loir,raw_2022
M. MACRON Emmanuel,95656,37.15,55.06,2,2022,LREM,Centre,departement,16 - Charente,raw_2022
Mme LE PEN Marine,94441,31.67,46.94,2,2022,RN,Extrême droite,departement,81 - Tarn,raw_2022
Mme LE PEN Marine,92337,28.79,42.35,2,2022,RN,Extrême droite,departement,73 - Savoie,raw_2022
Mme LE PEN Marine,92106,29.15,69.6,2,2022,RN,Extrême droite,departement,ZA - Guadeloupe,raw_2022
M. MACRON Emmanuel,91542,32.94,47.58,2,2022,LREM,Centre,departement,88 - Vosges,raw_2022
M. MACRON Emmanuel,91360,37.34,53.81,2,2022,LREM,Centre,departement,41 - Loir-et-Cher,raw_2022
M. MACRON Emmanuel,90053,35.19,52.43,2,2022,LREM,Centre,departement,07 - Ardèche,raw_2022
M. MACRON Emmanuel,89955,40.99,60.07,2,2022,LREM,Centre,departement,12 - Aveyron,raw_2022
M. MACRON Emmanuel,87645,35.06,52.35,2,2022,LREM,Centre,departement,03 - Allier,raw_2022
M. MACRON Emmanuel,85465,30.53,45.1,2,2022,LREM,Centre,departement,11 - Aude,raw_2022
Mme LE PEN Marine,83170,34.95,51.59,2,2022,RN,Extrême droite,departement,89 - Yonne,raw_2022
Mme LE PEN Marine,83024,27.13,39.88,2,2022,RN,Extrême droite,departement,86 - Vienne,raw_2022
Mme LE PEN Marine,82619,34.24,50.49,2,2022,RN,Extrême droite,departement,47 - Lot-et-Garonne,raw_2022
Mme LE PEN Marine,81705,31.93,47.57,2,2022,RN,Extrême droite,departement,07 - Ardèche,raw_2022
M. MACRON Emmanuel,81013,33.57,49.51,2,2022,LREM,Centre,departement,47 - Lot-et-Garonne,raw_2022
Mme LE PEN Marine,79762,31.91,47.65,2,2022,RN,Extrême droite,departement,03 - Allier,raw_2022
M. MACRON Emmanuel,79275,38.57,55.12,2,2022,LREM,Centre,departement,61 - Orne,raw_2022
Mme LE PEN Marine,78434,32.06,46.19,2,2022,RN,Extrême droite,departement,41 - Loir-et-Cher,raw_2022
Mme LE PEN Marine,78087,30.32,44.94,2,2022,RN,Extrême droite,departement,16 - Charente,raw_2022
M. MACRON Emmanuel,78038,32.79,48.41,2,2022,LREM,Centre,departement,89 - Yonne,raw_2022
M. MACRON Emmanuel,77739,34.63,52.56,2,2022,LREM,Centre,departement,18 - Cher,raw_2022
Mme LE PEN Marine,77721,31.98,58.08,2,2022,RN,Extrême droite,region,Corse,raw_2022
Mme LE PEN Marine,73830,5.17,13.86,2,2022,RN,Extrême droite,departement,ZZ - Français établis hors de France,raw_2022
Mme LE PEN Marine,73625,35.81,51.68,2,2022,RN,Extrême droite,departement,10 - Aube,raw_2022
Mme LE PEN Marine,73000,23.96,60.87,2,2022,RN,Extrême droite,departement,ZB - Martinique,raw_2022
Mme LE PEN Marine,72040,38.69,56.67,2,2022,RN,Extrême droite,departement,08 - Ardennes,raw_2022
Mme LE PEN Marine,71801,26.28,37.87,2,2022,RN,Extrême droite,departement,79 - Deux-Sèvres,raw_2022
Mme LE PEN Marine,71263,27.02,40.82,2,2022,RN,Extrême droite,departement,87 - Haute-Vienne,raw_2022
Mme LE PEN Marine,70160,31.26,47.44,2,2022,RN,Extrême droite,departement,18 - Cher,raw_2022
Mme LE PEN Marine,70052,39.42,56.88,2,2022,RN,Extrême droite,departement,70 - Haute-Saône,raw_2022
M. MACRON Emmanuel,68846,36.11,53.07,2,2022,LREM,Centre,departement,39 - Jura,raw_2022
M. MACRON Emmanuel,68840,33.48,48.32,2,2022,LREM,Centre,departement,10 - Aube,raw_2022
M. MACRON Emmanuel,68272,36.9,55.78,2,2022,LREM,Centre,departement,19 - Corrèze,raw_2022
Mme LE PEN Marine,67770,35.91,52.02,2,2022,RN,Extrême droite,departement,82 - Tarn-et-Garonne,raw_2022
M. MACRON Emmanuel,65085,36.68,55.5,2,2022,LREM,Centre,departement,65 - Hautes-Pyrénées,raw_2022
Mme LE PEN Marine,64551,31.4,44.88,2,2022,RN,Extrême droite,departement,61 - Orne,raw_2022
M. MACRON Emmanuel,62503,33.12,47.98,2,2022,LREM,Centre,departement,82 - Tarn-et-Garonne,raw_2022
M. MACRON Emmanuel,62372,34.51,50.16,2,2022,LREM,Centre,departement,43 - Haute-Loire,raw_2022
Mme LE PEN Marine,61980,34.3,49.84,2,2022,RN,Extrême droite,departement,43 - Haute-Loire,raw_2022
Mme LE PEN Marine,60884,31.94,46.93,2,2022,RN,Extrême droite,departement,39 - Jura,raw_2022
Mme LE PEN Marine,59790,27.24,39.93,2,2022,RN,Extrême droite,departement,12 - Aveyron,raw_2022
M. MACRON Emmanuel,57558,34.66,51.4,2,2022,LREM,Centre,departement,36 - Indre,raw_2022
Mme LE PEN Marine,57006,25.36,35.79,2,2022,RN,Extrême droite,departement,53 - Mayenne,raw_2022
M. MACRON Emmanuel,56095,23.08,41.92,2,2022,LREM,Centre,region,Corse,raw_2022
M. MACRON Emmanuel,55559,37.73,55.7,2,2022,LREM,Centre,departement,32 - Gers,raw_2022
M. MACRON Emmanuel,55130,39.59,59.18,2,2022,LREM,Centre,departement,46 - Lot,raw_2022
M. MACRON Emmanuel,55093,29.58,43.33,2,2022,LREM,Centre,departement,08 - Ardennes,raw_2022
Mme LE PEN Marine,54429,32.78,48.6,2,2022,RN,Extrême droite,departement,36 - Indre,raw_2022
Mme LE PEN Marine,54131,29.26,44.22,2,2022,RN,Extrême droite,departement,19 - Corrèze,raw_2022
M. MACRON Emmanuel,53098,29.88,43.12,2,2022,LREM,Centre,departement,70 - Haute-Saône,raw_2022
Mme LE PEN Marine,52499,38.95,55.6,2,2022,RN,Extrême droite,departement,55 - Meuse,raw_2022
Mme LE PEN Marine,52182,29.41,44.5,2,2022,RN,Extrême droite,departement,65 - Hautes-Pyrénées,raw_2022
Mme LE PEN Marine,50779,32.92,50.11,2,2022,RN,Extrême droite,departement,58 - Nièvre,raw_2022
Mme LE PEN Marine,50586,39.09,56.96,2,2022,RN,Extrême droite,departement,52 - Haute-Marne,raw_2022
M. MACRON Emmanuel,50556,32.78,49.89,2,2022,LREM,Centre,departement,58 - Nièvre,raw_2022
M. MACRON Emmanuel,46918,15.4,39.13,2,2022,LREM,Centre,departement,ZB - Martinique,raw_2022
M. MACRON Emmanuel,45015,38.89,56.08,2,2022,LREM,Centre,departement,15 - Cantal,raw_2022
Mme LE PEN Marine,44188,30.01,44.3,2,2022,RN,Extrême droite,departement,32 - Gers,raw_2022
Mme LE PEN Marine,44139,34.46,51.45,2,2022,RN,Extrême droite,departement,04 - Alpes-de-Haute-Provence,raw_2022
M. MACRON Emmanuel,43795,20.02,61.03,2,2022,LREM,Centre,departement,ZN - Nouvelle-Calédonie,raw_2022
M. MACRON Emmanuel,42890,20.86,51.8,2,2022,LREM,Centre,departement,ZP - Polynésie française,raw_2022
M. MACRON Emmanuel,42213,37.18,55.07,2,2022,LREM,Centre,departement,05 - Hautes-Alpes,raw_2022
M. MACRON Emmanuel,41930,31.1,44.4,2,2022,LREM,Centre,departement,55 - Meuse,raw_2022
M. MACRON Emmanuel,41659,32.53,48.55,2,2022,LREM,Centre,departement,04 - Alpes-de-Haute-Provence,raw_2022
Mme LE PEN Marine,41137,31.87,57.87,2,2022,RN,Extrême droite,departement,2B - Haute-Corse,raw_2022
M. MACRON Emmanuel,40229,12.73,30.4,2,2022,LREM,Centre,departement,ZA - Guadeloupe,raw_2022
Mme LE PEN Marine,39913,19.41,48.2,2,2022,RN,Extrême droite,departement,ZP - Polynésie française,raw_2022
M. MACRON Emmanuel,39298,33.01,51.09,2,2022,LREM,Centre,departement,09 - Ariège,raw_2022
M. MACRON Emmanuel,38230,29.54,43.04,2,2022,LREM,Centre,departement,52 - Haute-Marne,raw_2022
Mme LE PEN Marine,38032,27.31,40.82,2,2022,RN,Extrême droite,departement,46 - Lot,raw_2022
Mme LE PEN Marine,37616,31.6,48.91,2,2022,RN,Extrême droite,departement,09 - Ariège,raw_2022
Mme LE PEN Marine,36584,32.12,58.32,2,2022,RN,Extrême droite,departement,2A - Corse-du-Sud,raw_2022
Mme LE PEN Marine,35261,30.47,43.92,2,2022,RN,Extrême droite,departement,15 - Cantal,raw_2022
Mme LE PEN Marine,34446,30.34,44.93,2,2022,RN,Extrême droite,departement,05 - Hautes-Alpes,raw_2022
M. MACRON Emmanuel,31987,34.13,51.44,2,2022,LREM,Centre,departement,90 - Territoire de Belfort,raw_2022
M. MACRON Emmanuel,30554,33.59,52.04,2,2022,LREM,Centre,departement,23 - Creuse,raw_2022
Mme LE PEN Marine,30202,32.22,48.56,2,2022,RN,Extrême droite,departement,90 - Territoire de Belfort,raw_2022
M. MACRON Emmanuel,29951,23.2,42.13,2,2022,LREM,Centre,departement,2B - Haute-Corse,raw_2022
Mme LE PEN Marine,28153,30.95,47.96,2,2022,RN,Extrême droite,departement,23 - Creuse,raw_2022
Mme LE PEN Marine,27960,12.78,38.97,2,2022,RN,Extrême droite,departement,ZN - Nouvelle-Calédonie,raw_2022
M. MACRON Emmanuel,26144,22.95,41.68,2,2022,LREM,Centre,departement,2A - Corse-du-Sud,raw_2022
Mme LE PEN Marine,22694,24.56,59.1,2,2022,RN,Extrême droite,departement,ZM - Mayotte,raw_2022
M. MACRON Emmanuel,22067,36.9,54.2,2,2022,LREM,Centre,departement,48 - Lozère,raw_2022
Mme LE PEN Marine,21437,20.8,60.78,2,2022,RN,Extrême droite,departement,ZC - Guyane,raw_2022
Mme LE PEN Marine,18647,31.18,45.8,2,2022,RN,Extrême droite,departement,48 - Lozère,raw_2022
M. MACRON Emmanuel,15708,17.0,40.9,2,2022,LREM,Centre,departement,ZM - Mayotte,raw_2022
M. MACRON Emmanuel,13834,13.42,39.22,2,2022,LREM,Centre,departement,ZC - Guyane,raw_2022
Mme LE PEN Marine,4787,19.59,55.42,2,2022,RN,Extrême droite,departement,ZX - Saint-Martin/Saint-Barthélemy,raw_2022
M. MACRON Emmanuel,3850,15.76,44.58,2,2022,LREM,Centre,departement,ZX - Saint-Martin/Saint-Barthélemy,raw_2022
M. MACRON Emmanuel,3831,40.27,67.45,2,2022,LREM,Centre,departement,ZW - Wallis et Futuna,raw_2022
Mme LE PEN Marine,1849,19.43,32.55,2,2022,RN,Extrême droite,departement,ZW - Wallis et Futuna,raw_2022
Mme LE PEN Marine,1278,25.34,50.69,2,2022,RN,Extrême droite,departement,ZS - Saint-Pierre-et-Miquelon,raw_2022
M. MACRON Emmanuel,1243,24.65,49.31,2,2022,LREM,Centre,departement,ZS - Saint-Pierre-et-Miquelon,raw_2022
